timestamp,handle,score
2025-07-31T18:55:59Z,aron-cullberg,374.3
2025-07-31T18:55:59Z,s4andersson,392.7
2025-07-31T18:55:59Z,rasmus-melin,498.2
2025-07-31T18:55:59Z,viktor6,370.1
2025-07-31T19:08:42Z,aron-cullberg,374.3
2025-07-31T19:08:42Z,s4andersson,392.7
2025-07-31T19:08:42Z,rasmus-melin,498.2
2025-07-31T19:08:42Z,viktor6,370.1
2025-07-31T19:15:36Z,aron-cullberg,374.3
2025-07-31T19:15:36Z,s4andersson,392.7
2025-07-31T19:15:36Z,rasmus-melin,498.2
2025-07-31T19:15:36Z,viktor6,370.1
2025-07-31T19:37:55Z,aron-cullberg,374.3
2025-07-31T19:37:55Z,s4andersson,392.7
2025-07-31T19:37:55Z,rasmus-melin,498.2
2025-07-31T19:37:55Z,viktor6,370.1
2025-07-31T19:48:58Z,aron-cullberg,374.3
2025-07-31T19:48:58Z,s4andersson,392.7
2025-07-31T19:48:58Z,rasmus-melin,498.2
2025-07-31T19:48:58Z,viktor6,370.1
2025-07-31T20:11:23Z,aron-cullberg,374.3
2025-07-31T20:11:23Z,s4andersson,392.7
2025-07-31T20:11:23Z,rasmus-melin,498.2
2025-07-31T20:11:23Z,viktor6,370.1
2025-07-31T20:31:41Z,aron-cullberg,374.3
2025-07-31T20:31:41Z,s4andersson,392.7
2025-07-31T20:31:41Z,rasmus-melin,498.2
2025-07-31T20:31:41Z,viktor6,370.1
2025-07-31T20:54:12Z,aron-cullberg,374.3
2025-07-31T20:54:12Z,s4andersson,392.7
2025-07-31T20:54:12Z,rasmus-melin,498.2
2025-07-31T20:54:12Z,viktor6,370.1
2025-07-31T21:27:29Z,aron-cullberg,374.3
2025-07-31T21:27:29Z,s4andersson,392.7
2025-07-31T21:27:29Z,rasmus-melin,498.2
2025-07-31T21:27:29Z,viktor6,370.1
2025-07-31T21:47:02Z,aron-cullberg,374.3
2025-07-31T21:47:02Z,s4andersson,392.7
2025-07-31T21:47:02Z,rasmus-melin,498.2
2025-07-31T21:47:02Z,viktor6,370.1
2025-07-31T22:00:22Z,aron-cullberg,374.3
2025-07-31T22:00:22Z,s4andersson,392.7
2025-07-31T22:00:22Z,rasmus-melin,498.2
2025-07-31T22:00:22Z,viktor6,370.1
2025-07-31T22:35:34Z,aron-cullberg,374.3
2025-07-31T22:35:34Z,s4andersson,392.7
2025-07-31T22:35:34Z,rasmus-melin,498.2
2025-07-31T22:35:34Z,viktor6,370.1
2025-07-31T22:53:42Z,aron-cullberg,374.4
2025-07-31T22:53:42Z,s4andersson,392.1
2025-07-31T22:53:42Z,rasmus-melin,498.3
2025-07-31T22:53:42Z,viktor6,369.8
2025-07-31T23:27:47Z,aron-cullberg,374.4
2025-07-31T23:27:47Z,s4andersson,392.1
2025-07-31T23:27:47Z,rasmus-melin,498.3
2025-07-31T23:27:47Z,viktor6,369.8
2025-07-31T23:46:29Z,aron-cullberg,374.4
2025-07-31T23:46:29Z,s4andersson,392.1
2025-07-31T23:46:29Z,rasmus-melin,498.3
2025-07-31T23:46:29Z,viktor6,369.8
2025-07-31T23:59:39Z,aron-cullberg,374.4
2025-07-31T23:59:39Z,s4andersson,392.1
2025-07-31T23:59:39Z,rasmus-melin,498.3
2025-07-31T23:59:39Z,viktor6,369.8
2025-08-01T02:41:20Z,aron-cullberg,374.3
2025-08-01T02:41:20Z,s4andersson,392.7
2025-08-01T02:41:20Z,rasmus-melin,498.2
2025-08-01T02:41:20Z,viktor6,369.3
2025-08-01T04:08:29Z,aron-cullberg,374.3
2025-08-01T04:08:29Z,s4andersson,392.7
2025-08-01T04:08:29Z,rasmus-melin,498.2
2025-08-01T04:08:29Z,viktor6,369.3
2025-08-01T05:03:13Z,aron-cullberg,374.3
2025-08-01T05:03:13Z,s4andersson,392.7
2025-08-01T05:03:13Z,rasmus-melin,498.2
2025-08-01T05:03:13Z,viktor6,369.3
2025-08-01T05:41:52Z,aron-cullberg,374.3
2025-08-01T05:41:52Z,s4andersson,392.7
2025-08-01T05:41:52Z,rasmus-melin,498.2
2025-08-01T05:41:52Z,viktor6,369.3
2025-08-01T05:47:16Z,aron-cullberg,374.3
2025-08-01T05:47:16Z,s4andersson,392.7
2025-08-01T05:47:16Z,rasmus-melin,498.2
2025-08-01T05:47:16Z,viktor6,369.3
2025-08-01T06:13:04Z,aron-cullberg,374.3
2025-08-01T06:13:04Z,s4andersson,392.7
2025-08-01T06:13:04Z,rasmus-melin,498.2
2025-08-01T06:13:04Z,viktor6,370.9
2025-08-01T06:16:09Z,aron-cullberg,375.8
2025-08-01T06:16:09Z,s4andersson,392.7
2025-08-01T06:16:09Z,rasmus-melin,498.2
2025-08-01T06:16:09Z,viktor6,370.9
2025-08-01T06:44:10Z,aron-cullberg,375.8
2025-08-01T06:44:10Z,s4andersson,392.7
2025-08-01T06:44:10Z,rasmus-melin,498.2
2025-08-01T06:44:10Z,viktor6,374.1
2025-08-01T06:54:22Z,aron-cullberg,377.2
2025-08-01T06:54:22Z,s4andersson,392.7
2025-08-01T06:54:22Z,rasmus-melin,498.2
2025-08-01T06:54:22Z,viktor6,374.1
2025-08-01T07:16:25Z,aron-cullberg,377.2
2025-08-01T07:16:25Z,s4andersson,392.7
2025-08-01T07:16:25Z,rasmus-melin,498.2
2025-08-01T07:16:25Z,viktor6,377.4
2025-08-01T07:18:02Z,aron-cullberg,377.2
2025-08-01T07:18:02Z,s4andersson,392.7
2025-08-01T07:18:02Z,rasmus-melin,498.2
2025-08-01T07:18:02Z,viktor6,377.4
2025-08-01T07:33:07Z,aron-cullberg,378.9
2025-08-01T07:33:07Z,s4andersson,392.7
2025-08-01T07:33:07Z,rasmus-melin,498.2
2025-08-01T07:33:07Z,viktor6,377.4
2025-08-01T07:52:33Z,aron-cullberg,380.6
2025-08-01T07:52:33Z,s4andersson,392.7
2025-08-01T07:52:33Z,rasmus-melin,498.2
2025-08-01T07:52:33Z,viktor6,379.1
2025-08-01T08:14:21Z,aron-cullberg,380.6
2025-08-01T08:14:21Z,s4andersson,392.7
2025-08-01T08:14:21Z,rasmus-melin,498.2
2025-08-01T08:14:21Z,viktor6,380.8
2025-08-01T08:38:14Z,aron-cullberg,380.6
2025-08-01T08:38:14Z,s4andersson,392.7
2025-08-01T08:38:14Z,rasmus-melin,498.2
2025-08-01T08:38:14Z,viktor6,382.5
2025-08-01T09:00:55Z,aron-cullberg,380.6
2025-08-01T09:00:55Z,s4andersson,392.7
2025-08-01T09:00:55Z,rasmus-melin,498.2
2025-08-01T09:00:55Z,viktor6,384.2
2025-08-01T09:36:17Z,aron-cullberg,380.6
2025-08-01T09:36:17Z,s4andersson,392.7
2025-08-01T09:36:17Z,rasmus-melin,498.2
2025-08-01T09:36:17Z,viktor6,385.9
2025-08-01T09:40:34Z,aron-cullberg,380.6
2025-08-01T09:40:34Z,s4andersson,392.7
2025-08-01T09:40:34Z,rasmus-melin,498.2
2025-08-01T09:40:34Z,viktor6,385.9
2025-08-01T09:59:17Z,aron-cullberg,380.6
2025-08-01T09:59:17Z,s4andersson,392.7
2025-08-01T09:59:17Z,rasmus-melin,498.2
2025-08-01T09:59:17Z,viktor6,385.9
2025-08-01T10:36:18Z,aron-cullberg,380.6
2025-08-01T10:36:18Z,s4andersson,392.7
2025-08-01T10:36:18Z,rasmus-melin,498.2
2025-08-01T10:36:18Z,viktor6,385.9
2025-08-01T10:56:21Z,aron-cullberg,380.6
2025-08-01T10:56:21Z,s4andersson,392.7
2025-08-01T10:56:21Z,rasmus-melin,498.2
2025-08-01T10:56:21Z,viktor6,385.9
2025-08-01T11:25:40Z,aron-cullberg,380.6
2025-08-01T11:25:40Z,s4andersson,392.7
2025-08-01T11:25:40Z,rasmus-melin,498.2
2025-08-01T11:25:40Z,viktor6,385.9
2025-08-01T11:44:42Z,aron-cullberg,380.6
2025-08-01T11:44:42Z,s4andersson,392.7
2025-08-01T11:44:42Z,rasmus-melin,498.2
2025-08-01T11:44:42Z,viktor6,385.9
2025-08-01T11:58:30Z,aron-cullberg,380.6
2025-08-01T11:58:30Z,s4andersson,392.7
2025-08-01T11:58:30Z,rasmus-melin,498.2
2025-08-01T11:58:30Z,viktor6,385.9
2025-08-01T13:02:13Z,aron-cullberg,380.6
2025-08-01T13:02:13Z,s4andersson,399.2
2025-08-01T13:02:13Z,rasmus-melin,498.2
2025-08-01T13:02:13Z,viktor6,387.5
2025-08-01T13:49:35Z,aron-cullberg,380.6
2025-08-01T13:49:35Z,s4andersson,400.5
2025-08-01T13:49:35Z,rasmus-melin,498.2
2025-08-01T13:49:35Z,viktor6,387.5
2025-08-01T14:16:26Z,aron-cullberg,380.6
2025-08-01T14:16:26Z,s4andersson,400.5
2025-08-01T14:16:26Z,rasmus-melin,498.2
2025-08-01T14:16:26Z,viktor6,387.5
2025-08-01T14:44:26Z,aron-cullberg,380.6
2025-08-01T14:44:26Z,s4andersson,400.5
2025-08-01T14:44:26Z,rasmus-melin,498.2
2025-08-01T14:44:26Z,viktor6,387.5
2025-08-01T14:59:11Z,aron-cullberg,380.6
2025-08-01T14:59:11Z,s4andersson,400.5
2025-08-01T14:59:11Z,rasmus-melin,498.2
2025-08-01T14:59:11Z,viktor6,387.5
2025-08-01T15:33:17Z,aron-cullberg,380.6
2025-08-01T15:33:17Z,s4andersson,400.5
2025-08-01T15:33:17Z,rasmus-melin,498.2
2025-08-01T15:33:17Z,viktor6,387.5
2025-08-01T15:53:40Z,aron-cullberg,380.6
2025-08-01T15:53:40Z,s4andersson,400.5
2025-08-01T15:53:40Z,rasmus-melin,498.2
2025-08-01T15:53:40Z,viktor6,387.5
2025-08-01T16:36:49Z,aron-cullberg,380.6
2025-08-01T16:36:49Z,s4andersson,400.5
2025-08-01T16:36:49Z,rasmus-melin,498.2
2025-08-01T16:36:49Z,viktor6,387.5
2025-08-01T16:59:45Z,aron-cullberg,380.6
2025-08-01T16:59:45Z,s4andersson,400.5
2025-08-01T16:59:45Z,rasmus-melin,498.2
2025-08-01T16:59:45Z,viktor6,387.5
2025-08-01T17:33:29Z,aron-cullberg,380.6
2025-08-01T17:33:29Z,s4andersson,400.5
2025-08-01T17:33:29Z,rasmus-melin,498.2
2025-08-01T17:33:29Z,viktor6,387.5
2025-08-01T17:53:30Z,aron-cullberg,380.6
2025-08-01T17:53:30Z,s4andersson,400.5
2025-08-01T17:53:30Z,rasmus-melin,498.2
2025-08-01T17:53:30Z,viktor6,387.5
2025-08-01T18:40:31Z,aron-cullberg,380.6
2025-08-01T18:40:31Z,s4andersson,400.5
2025-08-01T18:40:31Z,rasmus-melin,498.2
2025-08-01T18:40:31Z,viktor6,387.5
2025-08-01T19:08:49Z,aron-cullberg,380.6
2025-08-01T19:08:49Z,s4andersson,400.5
2025-08-01T19:08:49Z,rasmus-melin,498.2
2025-08-01T19:08:49Z,viktor6,387.5
2025-08-01T19:28:55Z,aron-cullberg,380.6
2025-08-01T19:28:55Z,s4andersson,400.5
2025-08-01T19:28:55Z,rasmus-melin,498.2
2025-08-01T19:28:55Z,viktor6,387.5
2025-08-01T19:44:23Z,aron-cullberg,380.6
2025-08-01T19:44:23Z,s4andersson,400.5
2025-08-01T19:44:23Z,rasmus-melin,498.2
2025-08-01T19:44:23Z,viktor6,387.5
2025-08-01T19:58:24Z,aron-cullberg,380.6
2025-08-01T19:58:24Z,s4andersson,400.5
2025-08-01T19:58:24Z,rasmus-melin,498.2
2025-08-01T19:58:24Z,viktor6,387.5
2025-08-01T20:32:40Z,aron-cullberg,380.6
2025-08-01T20:32:40Z,s4andersson,400.5
2025-08-01T20:32:40Z,rasmus-melin,498.2
2025-08-01T20:32:40Z,viktor6,387.5
2025-08-01T20:53:56Z,aron-cullberg,380.6
2025-08-01T20:53:56Z,s4andersson,400.5
2025-08-01T20:53:56Z,rasmus-melin,498.2
2025-08-01T20:53:56Z,viktor6,387.5
2025-08-01T21:26:43Z,aron-cullberg,380.6
2025-08-01T21:26:43Z,s4andersson,400.5
2025-08-01T21:26:43Z,rasmus-melin,498.2
2025-08-01T21:26:43Z,viktor6,387.5
2025-08-01T21:45:24Z,aron-cullberg,380.6
2025-08-01T21:45:24Z,s4andersson,400.5
2025-08-01T21:45:24Z,rasmus-melin,498.2
2025-08-01T21:45:24Z,viktor6,387.5
2025-08-01T21:58:24Z,aron-cullberg,380.6
2025-08-01T21:58:24Z,s4andersson,400.5
2025-08-01T21:58:24Z,rasmus-melin,498.2
2025-08-01T21:58:24Z,viktor6,387.5
2025-08-01T22:31:04Z,aron-cullberg,380.6
2025-08-01T22:31:04Z,s4andersson,400.5
2025-08-01T22:31:04Z,rasmus-melin,498.2
2025-08-01T22:31:04Z,viktor6,387.5
2025-08-01T22:53:40Z,aron-cullberg,380.4
2025-08-01T22:53:40Z,s4andersson,400.4
2025-08-01T22:53:40Z,rasmus-melin,498.2
2025-08-01T22:53:40Z,viktor6,387.4
2025-08-01T23:27:26Z,aron-cullberg,380.4
2025-08-01T23:27:26Z,s4andersson,400.4
2025-08-01T23:27:26Z,rasmus-melin,498.2
2025-08-01T23:27:26Z,viktor6,387.4
2025-08-01T23:46:12Z,aron-cullberg,380.4
2025-08-01T23:46:12Z,s4andersson,400.4
2025-08-01T23:46:12Z,rasmus-melin,498.2
2025-08-01T23:46:12Z,viktor6,387.4
2025-08-01T23:59:33Z,aron-cullberg,380.4
2025-08-01T23:59:33Z,s4andersson,400.4
2025-08-01T23:59:33Z,rasmus-melin,498.2
2025-08-01T23:59:33Z,viktor6,387.4
2025-08-02T02:23:30Z,aron-cullberg,380.3
2025-08-02T02:23:30Z,s4andersson,400.2
2025-08-02T02:23:30Z,rasmus-melin,496.6
2025-08-02T02:23:30Z,viktor6,387.2
2025-08-02T03:44:30Z,aron-cullberg,380.3
2025-08-02T03:44:30Z,s4andersson,400.2
2025-08-02T03:44:30Z,rasmus-melin,496.6
2025-08-02T03:44:30Z,viktor6,387.2
2025-08-02T04:23:43Z,aron-cullberg,380.3
2025-08-02T04:23:43Z,s4andersson,400.2
2025-08-02T04:23:43Z,rasmus-melin,496.6
2025-08-02T04:23:43Z,viktor6,387.2
2025-08-02T04:58:46Z,aron-cullberg,380.3
2025-08-02T04:58:46Z,s4andersson,400.2
2025-08-02T04:58:46Z,rasmus-melin,496.6
2025-08-02T04:58:46Z,viktor6,387.2
2025-08-02T05:35:09Z,aron-cullberg,380.3
2025-08-02T05:35:09Z,s4andersson,400.2
2025-08-02T05:35:09Z,rasmus-melin,496.6
2025-08-02T05:35:09Z,viktor6,387.2
2025-08-02T05:55:41Z,aron-cullberg,380.3
2025-08-02T05:55:41Z,s4andersson,400.2
2025-08-02T05:55:41Z,rasmus-melin,496.6
2025-08-02T05:55:41Z,viktor6,387.2
2025-08-02T06:39:05Z,aron-cullberg,380.3
2025-08-02T06:39:05Z,s4andersson,400.2
2025-08-02T06:39:05Z,rasmus-melin,496.6
2025-08-02T06:39:05Z,viktor6,387.2
2025-08-02T06:58:39Z,aron-cullberg,380.3
2025-08-02T06:58:39Z,s4andersson,400.2
2025-08-02T06:58:39Z,rasmus-melin,496.6
2025-08-02T06:58:39Z,viktor6,387.2
2025-08-02T07:27:45Z,aron-cullberg,380.3
2025-08-02T07:27:45Z,s4andersson,400.2
2025-08-02T07:27:45Z,rasmus-melin,496.6
2025-08-02T07:27:45Z,viktor6,387.2
2025-08-02T07:44:12Z,aron-cullberg,380.3
2025-08-02T07:44:12Z,s4andersson,400.2
2025-08-02T07:44:12Z,rasmus-melin,496.6
2025-08-02T07:44:12Z,viktor6,387.2
2025-08-02T07:58:26Z,aron-cullberg,380.3
2025-08-02T07:58:26Z,s4andersson,400.2
2025-08-02T07:58:26Z,rasmus-melin,496.6
2025-08-02T07:58:26Z,viktor6,387.2
2025-08-02T08:35:43Z,aron-cullberg,380.3
2025-08-02T08:35:43Z,s4andersson,400.2
2025-08-02T08:35:43Z,rasmus-melin,496.6
2025-08-02T08:35:43Z,viktor6,387.2
2025-08-02T08:56:35Z,aron-cullberg,380.3
2025-08-02T08:56:35Z,s4andersson,400.2
2025-08-02T08:56:35Z,rasmus-melin,496.6
2025-08-02T08:56:35Z,viktor6,387.2
2025-08-02T09:30:43Z,aron-cullberg,380.3
2025-08-02T09:30:43Z,s4andersson,400.2
2025-08-02T09:30:43Z,rasmus-melin,496.6
2025-08-02T09:30:43Z,viktor6,387.2
2025-08-02T09:51:00Z,aron-cullberg,380.3
2025-08-02T09:51:00Z,s4andersson,400.2
2025-08-02T09:51:00Z,rasmus-melin,496.6
2025-08-02T09:51:00Z,viktor6,387.2
2025-08-02T10:28:39Z,aron-cullberg,380.3
2025-08-02T10:28:39Z,s4andersson,400.2
2025-08-02T10:28:39Z,rasmus-melin,496.6
2025-08-02T10:28:39Z,viktor6,387.2
2025-08-02T10:50:06Z,aron-cullberg,380.3
2025-08-02T10:50:06Z,s4andersson,400.2
2025-08-02T10:50:06Z,rasmus-melin,496.6
2025-08-02T10:50:06Z,viktor6,387.2
2025-08-02T11:12:28Z,aron-cullberg,380.3
2025-08-02T11:12:28Z,s4andersson,400.2
2025-08-02T11:12:28Z,rasmus-melin,496.6
2025-08-02T11:12:28Z,viktor6,387.2
2025-08-02T11:32:35Z,aron-cullberg,380.3
2025-08-02T11:32:35Z,s4andersson,400.2
2025-08-02T11:32:35Z,rasmus-melin,496.6
2025-08-02T11:32:35Z,viktor6,387.2
2025-08-02T11:48:29Z,aron-cullberg,380.3
2025-08-02T11:48:29Z,s4andersson,400.2
2025-08-02T11:48:29Z,rasmus-melin,496.6
2025-08-02T11:48:29Z,viktor6,387.2
2025-08-02T12:19:32Z,aron-cullberg,380.3
2025-08-02T12:19:32Z,s4andersson,400.2
2025-08-02T12:19:32Z,rasmus-melin,496.6
2025-08-02T12:19:32Z,viktor6,387.2
2025-08-02T13:05:55Z,aron-cullberg,380.3
2025-08-02T13:05:55Z,s4andersson,400.2
2025-08-02T13:05:55Z,rasmus-melin,496.6
2025-08-02T13:05:55Z,viktor6,387.2
2025-08-02T13:41:57Z,aron-cullberg,380.3
2025-08-02T13:41:57Z,s4andersson,400.2
2025-08-02T13:41:57Z,rasmus-melin,496.6
2025-08-02T13:41:57Z,viktor6,387.2
2025-08-02T13:58:06Z,aron-cullberg,380.3
2025-08-02T13:58:06Z,s4andersson,400.2
2025-08-02T13:58:06Z,rasmus-melin,496.6
2025-08-02T13:58:06Z,viktor6,387.2
2025-08-02T14:28:37Z,aron-cullberg,380.3
2025-08-02T14:28:37Z,s4andersson,400.2
2025-08-02T14:28:37Z,rasmus-melin,496.6
2025-08-02T14:28:37Z,viktor6,387.2
2025-08-02T14:47:48Z,aron-cullberg,380.3
2025-08-02T14:47:48Z,s4andersson,400.2
2025-08-02T14:47:48Z,rasmus-melin,496.6
2025-08-02T14:47:48Z,viktor6,387.2
2025-08-02T15:08:43Z,aron-cullberg,380.3
2025-08-02T15:08:43Z,s4andersson,400.2
2025-08-02T15:08:43Z,rasmus-melin,496.6
2025-08-02T15:08:43Z,viktor6,387.2
2025-08-02T15:33:42Z,aron-cullberg,380.3
2025-08-02T15:33:42Z,s4andersson,400.2
2025-08-02T15:33:42Z,rasmus-melin,496.6
2025-08-02T15:33:42Z,viktor6,387.2
2025-08-02T15:50:34Z,aron-cullberg,380.3
2025-08-02T15:50:34Z,s4andersson,400.2
2025-08-02T15:50:34Z,rasmus-melin,496.6
2025-08-02T15:50:34Z,viktor6,387.2
2025-08-02T16:33:09Z,aron-cullberg,380.3
2025-08-02T16:33:09Z,s4andersson,400.2
2025-08-02T16:33:09Z,rasmus-melin,496.6
2025-08-02T16:33:09Z,viktor6,387.2
2025-08-02T16:56:13Z,aron-cullberg,380.3
2025-08-02T16:56:13Z,s4andersson,400.2
2025-08-02T16:56:13Z,rasmus-melin,496.6
2025-08-02T16:56:13Z,viktor6,387.2
2025-08-02T17:26:10Z,aron-cullberg,380.3
2025-08-02T17:26:10Z,s4andersson,400.2
2025-08-02T17:26:10Z,rasmus-melin,496.6
2025-08-02T17:26:10Z,viktor6,387.2
2025-08-02T17:46:06Z,aron-cullberg,380.3
2025-08-02T17:46:06Z,s4andersson,400.2
2025-08-02T17:46:06Z,rasmus-melin,496.6
2025-08-02T17:46:06Z,viktor6,387.2
2025-08-02T17:59:12Z,aron-cullberg,380.3
2025-08-02T17:59:12Z,s4andersson,400.2
2025-08-02T17:59:12Z,rasmus-melin,496.6
2025-08-02T17:59:12Z,viktor6,387.2
2025-08-02T18:40:31Z,aron-cullberg,380.3
2025-08-02T18:40:31Z,s4andersson,400.2
2025-08-02T18:40:31Z,rasmus-melin,496.6
2025-08-02T18:40:31Z,viktor6,387.2
2025-08-02T19:00:34Z,aron-cullberg,380.3
2025-08-02T19:00:34Z,s4andersson,400.2
2025-08-02T19:00:34Z,rasmus-melin,496.6
2025-08-02T19:00:34Z,viktor6,387.2
2025-08-02T19:25:55Z,aron-cullberg,380.3
2025-08-02T19:25:55Z,s4andersson,400.2
2025-08-02T19:25:55Z,rasmus-melin,496.6
2025-08-02T19:25:55Z,viktor6,387.2
2025-08-02T19:42:29Z,aron-cullberg,380.3
2025-08-02T19:42:29Z,s4andersson,400.2
2025-08-02T19:42:29Z,rasmus-melin,496.6
2025-08-02T19:42:29Z,viktor6,387.2
2025-08-02T19:58:24Z,aron-cullberg,380.3
2025-08-02T19:58:24Z,s4andersson,400.2
2025-08-02T19:58:24Z,rasmus-melin,496.6
2025-08-02T19:58:24Z,viktor6,387.2
2025-08-02T20:31:01Z,aron-cullberg,380.3
2025-08-02T20:31:01Z,s4andersson,400.2
2025-08-02T20:31:01Z,rasmus-melin,496.6
2025-08-02T20:31:01Z,viktor6,387.2
2025-08-02T20:51:48Z,aron-cullberg,380.3
2025-08-02T20:51:48Z,s4andersson,400.2
2025-08-02T20:51:48Z,rasmus-melin,496.6
2025-08-02T20:51:48Z,viktor6,387.2
2025-08-02T21:25:13Z,aron-cullberg,380.3
2025-08-02T21:25:13Z,s4andersson,400.2
2025-08-02T21:25:13Z,rasmus-melin,496.6
2025-08-02T21:25:13Z,viktor6,387.2
2025-08-02T21:44:39Z,aron-cullberg,380.3
2025-08-02T21:44:39Z,s4andersson,400.2
2025-08-02T21:44:39Z,rasmus-melin,496.6
2025-08-02T21:44:39Z,viktor6,387.2
2025-08-02T21:58:32Z,aron-cullberg,380.3
2025-08-02T21:58:32Z,s4andersson,400.2
2025-08-02T21:58:32Z,rasmus-melin,496.6
2025-08-02T21:58:32Z,viktor6,387.2
2025-08-02T22:30:20Z,aron-cullberg,380.3
2025-08-02T22:30:20Z,s4andersson,400.2
2025-08-02T22:30:20Z,rasmus-melin,496.6
2025-08-02T22:30:20Z,viktor6,387.2
2025-08-02T22:52:16Z,aron-cullberg,379.5
2025-08-02T22:52:16Z,s4andersson,399.1
2025-08-02T22:52:16Z,rasmus-melin,497.1
2025-08-02T22:52:16Z,viktor6,386.7
2025-08-02T23:28:20Z,aron-cullberg,379.5
2025-08-02T23:28:20Z,s4andersson,399.1
2025-08-02T23:28:20Z,rasmus-melin,497.1
2025-08-02T23:28:20Z,viktor6,386.7
2025-08-02T23:48:39Z,aron-cullberg,379.5
2025-08-02T23:48:39Z,s4andersson,399.1
2025-08-02T23:48:39Z,rasmus-melin,497.1
2025-08-02T23:48:39Z,viktor6,386.7
2025-08-03T01:04:28Z,aron-cullberg,379.7
2025-08-03T01:04:28Z,s4andersson,399.3
2025-08-03T01:04:28Z,rasmus-melin,497.1
2025-08-03T01:04:28Z,viktor6,387.0
2025-08-03T03:21:05Z,aron-cullberg,379.7
2025-08-03T03:21:05Z,s4andersson,399.3
2025-08-03T03:21:05Z,rasmus-melin,497.1
2025-08-03T03:21:05Z,viktor6,387.0
2025-08-03T04:33:42Z,aron-cullberg,379.7
2025-08-03T04:33:42Z,s4andersson,399.3
2025-08-03T04:33:42Z,rasmus-melin,497.1
2025-08-03T04:33:42Z,viktor6,387.0
2025-08-03T05:14:41Z,aron-cullberg,379.7
2025-08-03T05:14:41Z,s4andersson,399.3
2025-08-03T05:14:41Z,rasmus-melin,497.1
2025-08-03T05:14:41Z,viktor6,387.0
2025-08-03T05:46:03Z,aron-cullberg,379.7
2025-08-03T05:46:03Z,s4andersson,399.3
2025-08-03T05:46:03Z,rasmus-melin,497.1
2025-08-03T05:46:03Z,viktor6,387.0
2025-08-03T06:00:23Z,aron-cullberg,379.7
2025-08-03T06:00:23Z,s4andersson,399.3
2025-08-03T06:00:23Z,rasmus-melin,497.1
2025-08-03T06:00:23Z,viktor6,387.0
2025-08-03T06:45:22Z,aron-cullberg,379.7
2025-08-03T06:45:22Z,s4andersson,399.3
2025-08-03T06:45:22Z,rasmus-melin,497.1
2025-08-03T06:45:22Z,viktor6,387.0
2025-08-03T07:01:15Z,aron-cullberg,379.7
2025-08-03T07:01:15Z,s4andersson,399.3
2025-08-03T07:01:15Z,rasmus-melin,497.1
2025-08-03T07:01:15Z,viktor6,387.0
2025-08-03T07:30:46Z,aron-cullberg,379.7
2025-08-03T07:30:46Z,s4andersson,399.3
2025-08-03T07:30:46Z,rasmus-melin,497.1
2025-08-03T07:30:46Z,viktor6,387.0
2025-08-03T07:48:53Z,aron-cullberg,379.7
2025-08-03T07:48:53Z,s4andersson,399.3
2025-08-03T07:48:53Z,rasmus-melin,497.1
2025-08-03T07:48:53Z,viktor6,387.0
2025-08-03T08:14:55Z,aron-cullberg,379.7
2025-08-03T08:14:55Z,s4andersson,399.3
2025-08-03T08:14:55Z,rasmus-melin,497.1
2025-08-03T08:14:55Z,viktor6,387.0
2025-08-03T08:43:17Z,aron-cullberg,379.7
2025-08-03T08:43:17Z,s4andersson,399.3
2025-08-03T08:43:17Z,rasmus-melin,497.1
2025-08-03T08:43:17Z,viktor6,387.0
2025-08-03T08:59:38Z,aron-cullberg,379.7
2025-08-03T08:59:38Z,s4andersson,399.3
2025-08-03T08:59:38Z,rasmus-melin,497.1
2025-08-03T08:59:38Z,viktor6,387.0
2025-08-03T09:31:20Z,aron-cullberg,379.7
2025-08-03T09:31:20Z,s4andersson,399.3
2025-08-03T09:31:20Z,rasmus-melin,497.1
2025-08-03T09:31:20Z,viktor6,387.0
2025-08-03T09:51:06Z,aron-cullberg,379.7
2025-08-03T09:51:06Z,s4andersson,399.3
2025-08-03T09:51:06Z,rasmus-melin,497.1
2025-08-03T09:51:06Z,viktor6,387.0
2025-08-03T10:28:52Z,aron-cullberg,379.7
2025-08-03T10:28:52Z,s4andersson,399.3
2025-08-03T10:28:52Z,rasmus-melin,497.1
2025-08-03T10:28:52Z,viktor6,387.0
2025-08-03T10:49:58Z,aron-cullberg,379.7
2025-08-03T10:49:58Z,s4andersson,399.3
2025-08-03T10:49:58Z,rasmus-melin,497.1
2025-08-03T10:49:58Z,viktor6,387.0
2025-08-03T11:12:14Z,aron-cullberg,379.7
2025-08-03T11:12:14Z,s4andersson,399.3
2025-08-03T11:12:14Z,rasmus-melin,497.1
2025-08-03T11:12:14Z,viktor6,387.0
2025-08-03T11:36:03Z,aron-cullberg,379.7
2025-08-03T11:36:03Z,s4andersson,399.3
2025-08-03T11:36:03Z,rasmus-melin,497.1
2025-08-03T11:36:03Z,viktor6,387.0
2025-08-03T11:49:49Z,aron-cullberg,379.7
2025-08-03T11:49:49Z,s4andersson,399.3
2025-08-03T11:49:49Z,rasmus-melin,497.1
2025-08-03T11:49:49Z,viktor6,387.0
2025-08-03T12:27:40Z,aron-cullberg,379.7
2025-08-03T12:27:40Z,s4andersson,399.3
2025-08-03T12:27:40Z,rasmus-melin,497.1
2025-08-03T12:27:40Z,viktor6,387.0
2025-08-03T13:17:49Z,aron-cullberg,379.7
2025-08-03T13:17:49Z,s4andersson,399.3
2025-08-03T13:17:49Z,rasmus-melin,497.1
2025-08-03T13:17:49Z,viktor6,387.0
2025-08-03T13:47:26Z,aron-cullberg,379.7
2025-08-03T13:47:26Z,s4andersson,399.3
2025-08-03T13:47:26Z,rasmus-melin,497.1
2025-08-03T13:47:26Z,viktor6,387.0
2025-08-03T14:00:44Z,aron-cullberg,379.7
2025-08-03T14:00:44Z,s4andersson,399.3
2025-08-03T14:00:44Z,rasmus-melin,497.1
2025-08-03T14:00:44Z,viktor6,387.0
2025-08-03T14:33:08Z,aron-cullberg,379.7
2025-08-03T14:33:08Z,s4andersson,399.3
2025-08-03T14:33:08Z,rasmus-melin,497.1
2025-08-03T14:33:08Z,viktor6,387.0
2025-08-03T14:51:08Z,aron-cullberg,379.7
2025-08-03T14:51:08Z,s4andersson,399.3
2025-08-03T14:51:08Z,rasmus-melin,497.1
2025-08-03T14:51:08Z,viktor6,387.0
2025-08-03T15:27:56Z,aron-cullberg,379.7
2025-08-03T15:27:56Z,s4andersson,399.3
2025-08-03T15:27:56Z,rasmus-melin,497.1
2025-08-03T15:27:56Z,viktor6,387.0
2025-08-03T15:47:55Z,aron-cullberg,379.7
2025-08-03T15:47:55Z,s4andersson,399.3
2025-08-03T15:47:55Z,rasmus-melin,497.1
2025-08-03T15:47:55Z,viktor6,387.0
2025-08-03T16:10:54Z,aron-cullberg,379.7
2025-08-03T16:10:54Z,s4andersson,399.3
2025-08-03T16:10:54Z,rasmus-melin,497.1
2025-08-03T16:10:54Z,viktor6,387.0
2025-08-03T16:45:11Z,aron-cullberg,379.7
2025-08-03T16:45:11Z,s4andersson,399.3
2025-08-03T16:45:11Z,rasmus-melin,497.1
2025-08-03T16:45:11Z,viktor6,387.0
2025-08-03T17:00:32Z,aron-cullberg,379.7
2025-08-03T17:00:32Z,s4andersson,399.3
2025-08-03T17:00:32Z,rasmus-melin,497.1
2025-08-03T17:00:32Z,viktor6,387.0
2025-08-03T17:33:31Z,aron-cullberg,379.7
2025-08-03T17:33:31Z,s4andersson,399.3
2025-08-03T17:33:31Z,rasmus-melin,497.1
2025-08-03T17:33:31Z,viktor6,387.0
2025-08-03T17:52:01Z,aron-cullberg,379.7
2025-08-03T17:52:01Z,s4andersson,399.3
2025-08-03T17:52:01Z,rasmus-melin,497.1
2025-08-03T17:52:01Z,viktor6,387.0
2025-08-03T18:38:39Z,aron-cullberg,379.7
2025-08-03T18:38:39Z,s4andersson,399.3
2025-08-03T18:38:39Z,rasmus-melin,497.1
2025-08-03T18:38:39Z,viktor6,387.0
2025-08-03T18:58:35Z,aron-cullberg,379.7
2025-08-03T18:58:35Z,s4andersson,399.3
2025-08-03T18:58:35Z,rasmus-melin,497.1
2025-08-03T18:58:35Z,viktor6,387.0
2025-08-03T19:24:47Z,aron-cullberg,379.7
2025-08-03T19:24:47Z,s4andersson,399.3
2025-08-03T19:24:47Z,rasmus-melin,497.1
2025-08-03T19:24:47Z,viktor6,387.0
2025-08-03T19:42:21Z,aron-cullberg,379.7
2025-08-03T19:42:21Z,s4andersson,399.3
2025-08-03T19:42:21Z,rasmus-melin,497.1
2025-08-03T19:42:21Z,viktor6,387.0
2025-08-03T19:58:31Z,aron-cullberg,379.7
2025-08-03T19:58:31Z,s4andersson,399.3
2025-08-03T19:58:31Z,rasmus-melin,497.1
2025-08-03T19:58:31Z,viktor6,387.0
2025-08-03T20:32:28Z,aron-cullberg,379.7
2025-08-03T20:32:28Z,s4andersson,399.3
2025-08-03T20:32:28Z,rasmus-melin,497.1
2025-08-03T20:32:28Z,viktor6,387.0
2025-08-03T20:53:01Z,aron-cullberg,379.7
2025-08-03T20:53:01Z,s4andersson,399.3
2025-08-03T20:53:01Z,rasmus-melin,497.1
2025-08-03T20:53:01Z,viktor6,387.0
2025-08-03T21:26:11Z,aron-cullberg,379.7
2025-08-03T21:26:11Z,s4andersson,399.3
2025-08-03T21:26:11Z,rasmus-melin,497.1
2025-08-03T21:26:11Z,viktor6,387.0
2025-08-03T21:45:08Z,aron-cullberg,379.7
2025-08-03T21:45:08Z,s4andersson,399.3
2025-08-03T21:45:08Z,rasmus-melin,497.1
2025-08-03T21:45:08Z,viktor6,387.0
2025-08-03T21:58:18Z,aron-cullberg,379.7
2025-08-03T21:58:18Z,s4andersson,399.3
2025-08-03T21:58:18Z,rasmus-melin,497.1
2025-08-03T21:58:18Z,viktor6,387.0
2025-08-03T22:30:59Z,aron-cullberg,379.7
2025-08-03T22:30:59Z,s4andersson,399.3
2025-08-03T22:30:59Z,rasmus-melin,497.1
2025-08-03T22:30:59Z,viktor6,387.0
2025-08-03T22:53:19Z,aron-cullberg,379.1
2025-08-03T22:53:19Z,s4andersson,399.2
2025-08-03T22:53:19Z,rasmus-melin,496.3
2025-08-03T22:53:19Z,viktor6,386.7
2025-08-03T23:27:28Z,aron-cullberg,379.1
2025-08-03T23:27:28Z,s4andersson,399.2
2025-08-03T23:27:28Z,rasmus-melin,496.3
2025-08-03T23:27:28Z,viktor6,386.7
2025-08-03T23:47:02Z,aron-cullberg,379.1
2025-08-03T23:47:02Z,s4andersson,399.2
2025-08-03T23:47:02Z,rasmus-melin,496.3
2025-08-03T23:47:02Z,viktor6,386.7
2025-08-04T00:00:01Z,aron-cullberg,379.1
2025-08-04T00:00:01Z,s4andersson,399.2
2025-08-04T00:00:01Z,rasmus-melin,496.3
2025-08-04T00:00:01Z,viktor6,386.7
2025-08-04T02:39:57Z,aron-cullberg,379.0
2025-08-04T02:39:57Z,s4andersson,399.2
2025-08-04T02:39:57Z,rasmus-melin,497.1
2025-08-04T02:39:57Z,viktor6,386.8
2025-08-04T04:09:22Z,aron-cullberg,379.0
2025-08-04T04:09:22Z,s4andersson,399.2
2025-08-04T04:09:22Z,rasmus-melin,497.1
2025-08-04T04:09:22Z,viktor6,386.8
2025-08-04T05:07:54Z,aron-cullberg,379.0
2025-08-04T05:07:54Z,s4andersson,399.2
2025-08-04T05:07:54Z,rasmus-melin,497.1
2025-08-04T05:07:54Z,viktor6,386.8
2025-08-04T05:52:31Z,aron-cullberg,379.0
2025-08-04T05:52:31Z,s4andersson,399.2
2025-08-04T05:52:31Z,rasmus-melin,497.1
2025-08-04T05:52:31Z,viktor6,386.8
2025-08-04T06:50:10Z,aron-cullberg,379.0
2025-08-04T06:50:10Z,s4andersson,399.2
2025-08-04T06:50:10Z,rasmus-melin,497.1
2025-08-04T06:50:10Z,viktor6,386.8
2025-08-04T07:24:18Z,aron-cullberg,379.0
2025-08-04T07:24:18Z,s4andersson,399.2
2025-08-04T07:24:18Z,rasmus-melin,497.1
2025-08-04T07:24:18Z,viktor6,386.8
2025-08-04T07:51:00Z,aron-cullberg,379.0
2025-08-04T07:51:00Z,s4andersson,399.2
2025-08-04T07:51:00Z,rasmus-melin,497.1
2025-08-04T07:51:00Z,viktor6,386.8
2025-08-04T08:39:28Z,aron-cullberg,379.0
2025-08-04T08:39:28Z,s4andersson,399.2
2025-08-04T08:39:28Z,rasmus-melin,497.1
2025-08-04T08:39:28Z,viktor6,386.8
2025-08-04T09:03:14Z,aron-cullberg,379.0
2025-08-04T09:03:14Z,s4andersson,399.2
2025-08-04T09:03:14Z,rasmus-melin,497.1
2025-08-04T09:03:14Z,viktor6,386.8
2025-08-04T09:45:46Z,aron-cullberg,379.0
2025-08-04T09:45:46Z,s4andersson,399.2
2025-08-04T09:45:46Z,rasmus-melin,497.1
2025-08-04T09:45:46Z,viktor6,386.8
2025-08-04T10:11:44Z,aron-cullberg,379.0
2025-08-04T10:11:44Z,s4andersson,399.2
2025-08-04T10:11:44Z,rasmus-melin,497.1
2025-08-04T10:11:44Z,viktor6,386.8
2025-08-04T10:46:58Z,aron-cullberg,379.0
2025-08-04T10:46:58Z,s4andersson,399.2
2025-08-04T10:46:58Z,rasmus-melin,497.1
2025-08-04T10:46:58Z,viktor6,386.8
2025-08-04T11:09:38Z,aron-cullberg,379.0
2025-08-04T11:09:38Z,s4andersson,399.2
2025-08-04T11:09:38Z,rasmus-melin,497.1
2025-08-04T11:09:38Z,viktor6,386.8
2025-08-04T11:32:49Z,aron-cullberg,379.0
2025-08-04T11:32:49Z,s4andersson,399.2
2025-08-04T11:32:49Z,rasmus-melin,497.1
2025-08-04T11:32:49Z,viktor6,386.8
2025-08-04T11:50:47Z,aron-cullberg,379.0
2025-08-04T11:50:47Z,s4andersson,399.2
2025-08-04T11:50:47Z,rasmus-melin,497.1
2025-08-04T11:50:47Z,viktor6,386.8
2025-08-04T13:02:16Z,aron-cullberg,379.0
2025-08-04T13:02:16Z,s4andersson,399.2
2025-08-04T13:02:16Z,rasmus-melin,497.1
2025-08-04T13:02:16Z,viktor6,386.8
2025-08-04T13:52:21Z,aron-cullberg,379.0
2025-08-04T13:52:21Z,s4andersson,399.2
2025-08-04T13:52:21Z,rasmus-melin,497.1
2025-08-04T13:52:21Z,viktor6,386.8
2025-08-04T14:32:55Z,aron-cullberg,379.0
2025-08-04T14:32:55Z,s4andersson,399.2
2025-08-04T14:32:55Z,rasmus-melin,497.1
2025-08-04T14:32:55Z,viktor6,386.8
2025-08-04T14:56:55Z,aron-cullberg,379.0
2025-08-04T14:56:55Z,s4andersson,399.2
2025-08-04T14:56:55Z,rasmus-melin,497.1
2025-08-04T14:56:55Z,viktor6,386.8
2025-08-04T15:33:54Z,aron-cullberg,379.0
2025-08-04T15:33:54Z,s4andersson,399.2
2025-08-04T15:33:54Z,rasmus-melin,497.1
2025-08-04T15:33:54Z,viktor6,386.8
2025-08-04T15:55:24Z,aron-cullberg,379.0
2025-08-04T15:55:24Z,s4andersson,399.2
2025-08-04T15:55:24Z,rasmus-melin,497.1
2025-08-04T15:55:24Z,viktor6,386.8
2025-08-04T16:38:44Z,aron-cullberg,379.0
2025-08-04T16:38:44Z,s4andersson,399.2
2025-08-04T16:38:44Z,rasmus-melin,497.1
2025-08-04T16:38:44Z,viktor6,386.8
2025-08-04T17:02:46Z,aron-cullberg,379.0
2025-08-04T17:02:46Z,s4andersson,399.2
2025-08-04T17:02:46Z,rasmus-melin,497.1
2025-08-04T17:02:46Z,viktor6,386.8
2025-08-04T17:38:54Z,aron-cullberg,379.0
2025-08-04T17:38:54Z,s4andersson,399.2
2025-08-04T17:38:54Z,rasmus-melin,497.1
2025-08-04T17:38:54Z,viktor6,386.8
2025-08-04T17:56:36Z,aron-cullberg,379.0
2025-08-04T17:56:36Z,s4andersson,399.2
2025-08-04T17:56:36Z,rasmus-melin,497.1
2025-08-04T17:56:36Z,viktor6,386.8
2025-08-04T18:45:26Z,aron-cullberg,379.0
2025-08-04T18:45:26Z,s4andersson,399.2
2025-08-04T18:45:26Z,rasmus-melin,497.1
2025-08-04T18:45:26Z,viktor6,386.8
2025-08-04T19:10:24Z,aron-cullberg,379.0
2025-08-04T19:10:24Z,s4andersson,399.2
2025-08-04T19:10:24Z,rasmus-melin,497.1
2025-08-04T19:10:24Z,viktor6,386.8
2025-08-04T19:36:33Z,aron-cullberg,379.0
2025-08-04T19:36:33Z,s4andersson,399.2
2025-08-04T19:36:33Z,rasmus-melin,497.1
2025-08-04T19:36:33Z,viktor6,386.8
2025-08-04T19:50:56Z,aron-cullberg,379.0
2025-08-04T19:50:56Z,s4andersson,405.0
2025-08-04T19:50:56Z,rasmus-melin,497.1
2025-08-04T19:50:56Z,viktor6,386.8
2025-08-04T20:32:30Z,aron-cullberg,379.0
2025-08-04T20:32:30Z,s4andersson,405.0
2025-08-04T20:32:30Z,rasmus-melin,497.1
2025-08-04T20:32:30Z,viktor6,386.8
2025-08-04T20:53:06Z,aron-cullberg,379.0
2025-08-04T20:53:06Z,s4andersson,405.0
2025-08-04T20:53:06Z,rasmus-melin,497.1
2025-08-04T20:53:06Z,viktor6,386.8
2025-08-04T21:28:17Z,aron-cullberg,379.0
2025-08-04T21:28:17Z,s4andersson,405.0
2025-08-04T21:28:17Z,rasmus-melin,497.1
2025-08-04T21:28:17Z,viktor6,386.8
2025-08-04T21:47:13Z,aron-cullberg,379.0
2025-08-04T21:47:13Z,s4andersson,405.0
2025-08-04T21:47:13Z,rasmus-melin,497.1
2025-08-04T21:47:13Z,viktor6,386.8
2025-08-04T22:00:28Z,aron-cullberg,379.0
2025-08-04T22:00:28Z,s4andersson,405.0
2025-08-04T22:00:28Z,rasmus-melin,497.1
2025-08-04T22:00:28Z,viktor6,386.8
2025-08-04T22:36:44Z,aron-cullberg,379.0
2025-08-04T22:36:44Z,s4andersson,405.0
2025-08-04T22:36:44Z,rasmus-melin,497.1
2025-08-04T22:36:44Z,viktor6,386.8
2025-08-04T22:54:51Z,aron-cullberg,379.4
2025-08-04T22:54:51Z,s4andersson,404.5
2025-08-04T22:54:51Z,rasmus-melin,497.2
2025-08-04T22:54:51Z,viktor6,386.8
2025-08-04T23:28:10Z,aron-cullberg,379.4
2025-08-04T23:28:10Z,s4andersson,404.5
2025-08-04T23:28:10Z,rasmus-melin,497.2
2025-08-04T23:28:10Z,viktor6,386.8
2025-08-04T23:47:24Z,aron-cullberg,379.4
2025-08-04T23:47:24Z,s4andersson,404.5
2025-08-04T23:47:24Z,rasmus-melin,497.2
2025-08-04T23:47:24Z,viktor6,386.8
2025-08-05T00:46:05Z,aron-cullberg,379.6
2025-08-05T00:46:05Z,s4andersson,404.6
2025-08-05T00:46:05Z,rasmus-melin,495.9
2025-08-05T00:46:05Z,viktor6,387.0
2025-08-05T02:56:42Z,aron-cullberg,379.6
2025-08-05T02:56:42Z,s4andersson,404.6
2025-08-05T02:56:42Z,rasmus-melin,495.9
2025-08-05T02:56:42Z,viktor6,387.0
2025-08-05T04:12:44Z,aron-cullberg,379.6
2025-08-05T04:12:44Z,s4andersson,404.6
2025-08-05T04:12:44Z,rasmus-melin,495.9
2025-08-05T04:12:44Z,viktor6,387.0
2025-08-05T05:01:40Z,aron-cullberg,379.6
2025-08-05T05:01:40Z,s4andersson,404.6
2025-08-05T05:01:40Z,rasmus-melin,495.9
2025-08-05T05:01:40Z,viktor6,387.0
2025-08-05T05:46:22Z,aron-cullberg,379.6
2025-08-05T05:46:22Z,s4andersson,404.6
2025-08-05T05:46:22Z,rasmus-melin,495.9
2025-08-05T05:46:22Z,viktor6,387.0
2025-08-05T06:15:27Z,aron-cullberg,379.6
2025-08-05T06:15:27Z,s4andersson,404.6
2025-08-05T06:15:27Z,rasmus-melin,495.9
2025-08-05T06:15:27Z,viktor6,387.0
2025-08-05T06:54:30Z,aron-cullberg,379.6
2025-08-05T06:54:30Z,s4andersson,404.6
2025-08-05T06:54:30Z,rasmus-melin,495.9
2025-08-05T06:54:30Z,viktor6,387.0
2025-08-05T07:33:20Z,aron-cullberg,379.6
2025-08-05T07:33:20Z,s4andersson,404.6
2025-08-05T07:33:20Z,rasmus-melin,495.9
2025-08-05T07:33:20Z,viktor6,387.0
2025-08-05T07:52:30Z,aron-cullberg,379.6
2025-08-05T07:52:30Z,s4andersson,404.6
2025-08-05T07:52:30Z,rasmus-melin,495.9
2025-08-05T07:52:30Z,viktor6,387.0
2025-08-05T08:39:26Z,aron-cullberg,379.6
2025-08-05T08:39:26Z,s4andersson,404.6
2025-08-05T08:39:26Z,rasmus-melin,495.9
2025-08-05T08:39:26Z,viktor6,387.0
2025-08-05T09:02:40Z,aron-cullberg,379.6
2025-08-05T09:02:40Z,s4andersson,404.6
2025-08-05T09:02:40Z,rasmus-melin,495.9
2025-08-05T09:02:40Z,viktor6,387.0
2025-08-05T09:40:43Z,aron-cullberg,379.6
2025-08-05T09:40:43Z,s4andersson,404.6
2025-08-05T09:40:43Z,rasmus-melin,495.9
2025-08-05T09:40:43Z,viktor6,387.0
2025-08-05T10:00:03Z,aron-cullberg,379.6
2025-08-05T10:00:03Z,s4andersson,404.6
2025-08-05T10:00:03Z,rasmus-melin,495.9
2025-08-05T10:00:03Z,viktor6,387.0
2025-08-05T10:37:34Z,aron-cullberg,379.6
2025-08-05T10:37:34Z,s4andersson,404.6
2025-08-05T10:37:34Z,rasmus-melin,495.9
2025-08-05T10:37:34Z,viktor6,387.0
2025-08-05T10:57:29Z,aron-cullberg,379.6
2025-08-05T10:57:29Z,s4andersson,404.6
2025-08-05T10:57:29Z,rasmus-melin,495.9
2025-08-05T10:57:29Z,viktor6,387.0
2025-08-05T11:27:29Z,aron-cullberg,379.6
2025-08-05T11:27:29Z,s4andersson,404.6
2025-08-05T11:27:29Z,rasmus-melin,495.9
2025-08-05T11:27:29Z,viktor6,387.0
2025-08-05T11:46:28Z,aron-cullberg,379.6
2025-08-05T11:46:28Z,s4andersson,404.6
2025-08-05T11:46:28Z,rasmus-melin,495.9
2025-08-05T11:46:28Z,viktor6,388.5
2025-08-05T11:59:46Z,aron-cullberg,379.6
2025-08-05T11:59:46Z,s4andersson,404.6
2025-08-05T11:59:46Z,rasmus-melin,495.9
2025-08-05T11:59:46Z,viktor6,390.0
2025-08-05T13:05:19Z,aron-cullberg,379.6
2025-08-05T13:05:19Z,s4andersson,404.6
2025-08-05T13:05:19Z,rasmus-melin,495.9
2025-08-05T13:05:19Z,viktor6,391.6
2025-08-05T13:52:34Z,aron-cullberg,379.6
2025-08-05T13:52:34Z,s4andersson,404.6
2025-08-05T13:52:34Z,rasmus-melin,495.9
2025-08-05T13:52:34Z,viktor6,391.6
2025-08-05T14:32:15Z,aron-cullberg,379.6
2025-08-05T14:32:15Z,s4andersson,404.6
2025-08-05T14:32:15Z,rasmus-melin,495.9
2025-08-05T14:32:15Z,viktor6,391.6
2025-08-05T14:57:49Z,aron-cullberg,379.6
2025-08-05T14:57:49Z,s4andersson,404.6
2025-08-05T14:57:49Z,rasmus-melin,495.9
2025-08-05T14:57:49Z,viktor6,391.6
2025-08-05T15:34:46Z,aron-cullberg,379.6
2025-08-05T15:34:46Z,s4andersson,404.6
2025-08-05T15:34:46Z,rasmus-melin,495.9
2025-08-05T15:34:46Z,viktor6,391.6
2025-08-05T15:51:41Z,aron-cullberg,379.6
2025-08-05T15:51:41Z,s4andersson,404.6
2025-08-05T15:51:41Z,rasmus-melin,495.9
2025-08-05T15:51:41Z,viktor6,391.6
2025-08-05T16:30:58Z,aron-cullberg,379.6
2025-08-05T16:30:58Z,s4andersson,404.6
2025-08-05T16:30:58Z,rasmus-melin,495.9
2025-08-05T16:30:58Z,viktor6,391.6
2025-08-05T16:55:47Z,aron-cullberg,379.6
2025-08-05T16:55:47Z,s4andersson,404.6
2025-08-05T16:55:47Z,rasmus-melin,495.9
2025-08-05T16:55:47Z,viktor6,391.6
2025-08-05T17:28:16Z,aron-cullberg,379.6
2025-08-05T17:28:16Z,s4andersson,404.6
2025-08-05T17:28:16Z,rasmus-melin,495.9
2025-08-05T17:28:16Z,viktor6,391.6
2025-08-05T17:50:17Z,aron-cullberg,379.6
2025-08-05T17:50:17Z,s4andersson,404.6
2025-08-05T17:50:17Z,rasmus-melin,495.9
2025-08-05T17:50:17Z,viktor6,391.6
2025-08-05T18:44:41Z,aron-cullberg,379.6
2025-08-05T18:44:41Z,s4andersson,404.6
2025-08-05T18:44:41Z,rasmus-melin,495.9
2025-08-05T18:44:41Z,viktor6,391.6
2025-08-05T19:11:37Z,aron-cullberg,379.6
2025-08-05T19:11:37Z,s4andersson,404.6
2025-08-05T19:11:37Z,rasmus-melin,495.9
2025-08-05T19:11:37Z,viktor6,391.6
2025-08-05T19:37:58Z,aron-cullberg,379.6
2025-08-05T19:37:58Z,s4andersson,404.6
2025-08-05T19:37:58Z,rasmus-melin,495.9
2025-08-05T19:37:58Z,viktor6,391.6
2025-08-05T19:52:39Z,aron-cullberg,379.6
2025-08-05T19:52:39Z,s4andersson,404.6
2025-08-05T19:52:39Z,rasmus-melin,495.9
2025-08-05T19:52:39Z,viktor6,391.6
2025-08-05T20:30:07Z,aron-cullberg,379.6
2025-08-05T20:30:07Z,s4andersson,404.6
2025-08-05T20:30:07Z,rasmus-melin,495.9
2025-08-05T20:30:07Z,viktor6,391.6
2025-08-05T20:50:49Z,aron-cullberg,379.6
2025-08-05T20:50:49Z,s4andersson,404.6
2025-08-05T20:50:49Z,rasmus-melin,495.9
2025-08-05T20:50:49Z,viktor6,391.6
2025-08-05T21:27:59Z,aron-cullberg,379.6
2025-08-05T21:27:59Z,s4andersson,404.6
2025-08-05T21:27:59Z,rasmus-melin,495.9
2025-08-05T21:27:59Z,viktor6,391.6
2025-08-05T21:47:00Z,aron-cullberg,379.6
2025-08-05T21:47:00Z,s4andersson,404.6
2025-08-05T21:47:00Z,rasmus-melin,495.9
2025-08-05T21:47:00Z,viktor6,391.6
2025-08-05T22:00:12Z,aron-cullberg,379.6
2025-08-05T22:00:12Z,s4andersson,404.6
2025-08-05T22:00:12Z,rasmus-melin,495.9
2025-08-05T22:00:12Z,viktor6,391.6
2025-08-05T22:34:12Z,aron-cullberg,379.6
2025-08-05T22:34:12Z,s4andersson,404.6
2025-08-05T22:34:12Z,rasmus-melin,495.9
2025-08-05T22:34:12Z,viktor6,391.6
2025-08-05T22:54:23Z,aron-cullberg,378.9
2025-08-05T22:54:23Z,s4andersson,404.8
2025-08-05T22:54:23Z,rasmus-melin,497.1
2025-08-05T22:54:23Z,viktor6,391.2
2025-08-05T23:28:32Z,aron-cullberg,378.9
2025-08-05T23:28:32Z,s4andersson,404.8
2025-08-05T23:28:32Z,rasmus-melin,497.1
2025-08-05T23:28:32Z,viktor6,391.2
2025-08-05T23:47:57Z,aron-cullberg,378.9
2025-08-05T23:47:57Z,s4andersson,404.8
2025-08-05T23:47:57Z,rasmus-melin,497.1
2025-08-05T23:47:57Z,viktor6,391.2
2025-08-06T00:52:20Z,aron-cullberg,378.9
2025-08-06T00:52:20Z,s4andersson,404.2
2025-08-06T00:52:20Z,rasmus-melin,496.9
2025-08-06T00:52:20Z,viktor6,391.2
2025-08-06T03:06:21Z,aron-cullberg,378.9
2025-08-06T03:06:21Z,s4andersson,404.2
2025-08-06T03:06:21Z,rasmus-melin,496.9
2025-08-06T03:06:21Z,viktor6,391.2
2025-08-06T04:13:07Z,aron-cullberg,378.9
2025-08-06T04:13:07Z,s4andersson,404.2
2025-08-06T04:13:07Z,rasmus-melin,496.9
2025-08-06T04:13:07Z,viktor6,391.2
2025-08-06T05:00:19Z,aron-cullberg,378.9
2025-08-06T05:00:19Z,s4andersson,404.2
2025-08-06T05:00:19Z,rasmus-melin,496.9
2025-08-06T05:00:19Z,viktor6,391.2
2025-08-06T05:46:47Z,aron-cullberg,378.9
2025-08-06T05:46:47Z,s4andersson,404.2
2025-08-06T05:46:47Z,rasmus-melin,496.9
2025-08-06T05:46:47Z,viktor6,391.2
2025-08-06T06:15:42Z,aron-cullberg,378.9
2025-08-06T06:15:42Z,s4andersson,404.2
2025-08-06T06:15:42Z,rasmus-melin,496.9
2025-08-06T06:15:42Z,viktor6,391.2
2025-08-06T06:54:17Z,aron-cullberg,378.9
2025-08-06T06:54:17Z,s4andersson,404.2
2025-08-06T06:54:17Z,rasmus-melin,496.9
2025-08-06T06:54:17Z,viktor6,391.2
2025-08-06T07:33:21Z,aron-cullberg,378.9
2025-08-06T07:33:21Z,s4andersson,404.2
2025-08-06T07:33:21Z,rasmus-melin,496.9
2025-08-06T07:33:21Z,viktor6,392.9
2025-08-06T07:52:49Z,aron-cullberg,378.9
2025-08-06T07:52:49Z,s4andersson,404.2
2025-08-06T07:52:49Z,rasmus-melin,496.9
2025-08-06T07:52:49Z,viktor6,392.9
2025-08-06T08:39:00Z,aron-cullberg,378.9
2025-08-06T08:39:00Z,s4andersson,404.2
2025-08-06T08:39:00Z,rasmus-melin,496.9
2025-08-06T08:39:00Z,viktor6,394.6
2025-08-06T09:02:37Z,aron-cullberg,378.9
2025-08-06T09:02:37Z,s4andersson,404.2
2025-08-06T09:02:37Z,rasmus-melin,496.9
2025-08-06T09:02:37Z,viktor6,394.6
2025-08-06T09:41:19Z,aron-cullberg,378.9
2025-08-06T09:41:19Z,s4andersson,404.2
2025-08-06T09:41:19Z,rasmus-melin,496.9
2025-08-06T09:41:19Z,viktor6,398.1
2025-08-06T10:00:13Z,aron-cullberg,378.9
2025-08-06T10:00:13Z,s4andersson,405.3
2025-08-06T10:00:13Z,rasmus-melin,496.9
2025-08-06T10:00:13Z,viktor6,399.8
2025-08-06T10:37:44Z,aron-cullberg,378.9
2025-08-06T10:37:44Z,s4andersson,405.3
2025-08-06T10:37:44Z,rasmus-melin,496.9
2025-08-06T10:37:44Z,viktor6,401.5
2025-08-06T10:57:30Z,aron-cullberg,378.9
2025-08-06T10:57:30Z,s4andersson,405.3
2025-08-06T10:57:30Z,rasmus-melin,496.9
2025-08-06T10:57:30Z,viktor6,403.0
2025-08-06T11:27:08Z,aron-cullberg,378.9
2025-08-06T11:27:08Z,s4andersson,405.3
2025-08-06T11:27:08Z,rasmus-melin,496.9
2025-08-06T11:27:08Z,viktor6,403.0
2025-08-06T11:46:05Z,aron-cullberg,378.9
2025-08-06T11:46:05Z,s4andersson,405.3
2025-08-06T11:46:05Z,rasmus-melin,496.9
2025-08-06T11:46:05Z,viktor6,403.0
2025-08-06T11:59:12Z,aron-cullberg,378.9
2025-08-06T11:59:12Z,s4andersson,405.3
2025-08-06T11:59:12Z,rasmus-melin,496.9
2025-08-06T11:59:12Z,viktor6,403.0
2025-08-06T13:05:11Z,aron-cullberg,378.9
2025-08-06T13:05:11Z,s4andersson,405.3
2025-08-06T13:05:11Z,rasmus-melin,496.9
2025-08-06T13:05:11Z,viktor6,404.8
2025-08-06T13:52:53Z,aron-cullberg,378.9
2025-08-06T13:52:53Z,s4andersson,405.3
2025-08-06T13:52:53Z,rasmus-melin,496.9
2025-08-06T13:52:53Z,viktor6,406.2
2025-08-06T14:32:04Z,aron-cullberg,378.9
2025-08-06T14:32:04Z,s4andersson,405.3
2025-08-06T14:32:04Z,rasmus-melin,496.9
2025-08-06T14:32:04Z,viktor6,406.2
2025-08-06T14:57:21Z,aron-cullberg,378.9
2025-08-06T14:57:21Z,s4andersson,405.3
2025-08-06T14:57:21Z,rasmus-melin,496.9
2025-08-06T14:57:21Z,viktor6,406.2
2025-08-06T15:34:15Z,aron-cullberg,378.9
2025-08-06T15:34:15Z,s4andersson,405.3
2025-08-06T15:34:15Z,rasmus-melin,496.9
2025-08-06T15:34:15Z,viktor6,406.2
2025-08-06T15:53:27Z,aron-cullberg,378.9
2025-08-06T15:53:27Z,s4andersson,405.3
2025-08-06T15:53:27Z,rasmus-melin,496.9
2025-08-06T15:53:27Z,viktor6,406.2
2025-08-06T16:36:58Z,aron-cullberg,378.9
2025-08-06T16:36:58Z,s4andersson,405.3
2025-08-06T16:36:58Z,rasmus-melin,496.9
2025-08-06T16:36:58Z,viktor6,406.2
2025-08-06T17:00:24Z,aron-cullberg,378.9
2025-08-06T17:00:24Z,s4andersson,405.3
2025-08-06T17:00:24Z,rasmus-melin,496.9
2025-08-06T17:00:24Z,viktor6,406.2
2025-08-06T17:36:43Z,aron-cullberg,378.9
2025-08-06T17:36:43Z,s4andersson,405.3
2025-08-06T17:36:43Z,rasmus-melin,496.9
2025-08-06T17:36:43Z,viktor6,406.2
2025-08-06T17:54:34Z,aron-cullberg,378.9
2025-08-06T17:54:34Z,s4andersson,405.3
2025-08-06T17:54:34Z,rasmus-melin,496.9
2025-08-06T17:54:34Z,viktor6,406.2
2025-08-06T18:41:00Z,aron-cullberg,378.9
2025-08-06T18:41:00Z,s4andersson,405.3
2025-08-06T18:41:00Z,rasmus-melin,496.9
2025-08-06T18:41:00Z,viktor6,406.2
2025-08-06T19:10:15Z,aron-cullberg,378.9
2025-08-06T19:10:15Z,s4andersson,405.3
2025-08-06T19:10:15Z,rasmus-melin,496.9
2025-08-06T19:10:15Z,viktor6,406.2
2025-08-06T19:36:05Z,aron-cullberg,378.9
2025-08-06T19:36:05Z,s4andersson,405.3
2025-08-06T19:36:05Z,rasmus-melin,496.9
2025-08-06T19:36:05Z,viktor6,406.2
2025-08-06T19:50:00Z,aron-cullberg,378.9
2025-08-06T19:50:00Z,s4andersson,405.3
2025-08-06T19:50:00Z,rasmus-melin,496.9
2025-08-06T19:50:00Z,viktor6,406.2
2025-08-06T20:16:41Z,aron-cullberg,386.8
2025-08-06T20:16:41Z,s4andersson,405.3
2025-08-06T20:16:41Z,rasmus-melin,496.9
2025-08-06T20:16:41Z,viktor6,406.2
2025-08-06T20:41:48Z,aron-cullberg,386.8
2025-08-06T20:41:48Z,s4andersson,405.3
2025-08-06T20:41:48Z,rasmus-melin,496.9
2025-08-06T20:41:48Z,viktor6,406.2
2025-08-06T20:59:28Z,aron-cullberg,386.8
2025-08-06T20:59:28Z,s4andersson,405.3
2025-08-06T20:59:28Z,rasmus-melin,496.9
2025-08-06T20:59:28Z,viktor6,406.2
2025-08-06T21:28:07Z,aron-cullberg,386.8
2025-08-06T21:28:07Z,s4andersson,405.3
2025-08-06T21:28:07Z,rasmus-melin,496.9
2025-08-06T21:28:07Z,viktor6,406.2
2025-08-06T21:46:38Z,aron-cullberg,386.8
2025-08-06T21:46:38Z,s4andersson,405.3
2025-08-06T21:46:38Z,rasmus-melin,496.9
2025-08-06T21:46:38Z,viktor6,406.2
2025-08-06T21:59:44Z,aron-cullberg,386.8
2025-08-06T21:59:44Z,s4andersson,405.3
2025-08-06T21:59:44Z,rasmus-melin,496.9
2025-08-06T21:59:44Z,viktor6,406.2
2025-08-06T22:33:19Z,aron-cullberg,386.8
2025-08-06T22:33:19Z,s4andersson,405.3
2025-08-06T22:33:19Z,rasmus-melin,496.9
2025-08-06T22:33:19Z,viktor6,406.2
2025-08-06T22:54:16Z,aron-cullberg,387.0
2025-08-06T22:54:16Z,s4andersson,406.4
2025-08-06T22:54:16Z,rasmus-melin,497.2
2025-08-06T22:54:16Z,viktor6,407.0
2025-08-06T23:28:11Z,aron-cullberg,387.0
2025-08-06T23:28:11Z,s4andersson,406.4
2025-08-06T23:28:11Z,rasmus-melin,497.2
2025-08-06T23:28:11Z,viktor6,407.0
2025-08-06T23:47:09Z,aron-cullberg,387.0
2025-08-06T23:47:09Z,s4andersson,406.4
2025-08-06T23:47:09Z,rasmus-melin,497.2
2025-08-06T23:47:09Z,viktor6,407.0
2025-08-07T00:00:26Z,aron-cullberg,387.0
2025-08-07T00:00:26Z,s4andersson,406.4
2025-08-07T00:00:26Z,rasmus-melin,497.2
2025-08-07T00:00:26Z,viktor6,407.0
2025-08-07T02:33:27Z,aron-cullberg,387.0
2025-08-07T02:33:27Z,s4andersson,405.8
2025-08-07T02:33:27Z,rasmus-melin,497.9
2025-08-07T02:33:27Z,viktor6,407.0
2025-08-07T03:57:41Z,aron-cullberg,387.0
2025-08-07T03:57:41Z,s4andersson,405.8
2025-08-07T03:57:41Z,rasmus-melin,497.9
2025-08-07T03:57:41Z,viktor6,407.0
2025-08-07T04:52:56Z,aron-cullberg,387.0
2025-08-07T04:52:56Z,s4andersson,405.8
2025-08-07T04:52:56Z,rasmus-melin,497.9
2025-08-07T04:52:56Z,viktor6,407.0
2025-08-07T05:35:57Z,aron-cullberg,387.0
2025-08-07T05:35:57Z,s4andersson,405.8
2025-08-07T05:35:57Z,rasmus-melin,497.9
2025-08-07T05:35:57Z,viktor6,407.0
2025-08-07T05:57:13Z,aron-cullberg,387.0
2025-08-07T05:57:13Z,s4andersson,405.8
2025-08-07T05:57:13Z,rasmus-melin,497.9
2025-08-07T05:57:13Z,viktor6,407.0
2025-08-07T06:48:04Z,aron-cullberg,387.0
2025-08-07T06:48:04Z,s4andersson,405.8
2025-08-07T06:48:04Z,rasmus-melin,497.9
2025-08-07T06:48:04Z,viktor6,408.3
2025-08-07T07:17:00Z,aron-cullberg,387.0
2025-08-07T07:17:00Z,s4andersson,405.8
2025-08-07T07:17:00Z,rasmus-melin,497.9
2025-08-07T07:17:00Z,viktor6,408.6
2025-08-07T07:42:48Z,aron-cullberg,387.0
2025-08-07T07:42:48Z,s4andersson,405.8
2025-08-07T07:42:48Z,rasmus-melin,497.9
2025-08-07T07:42:48Z,viktor6,410.1
2025-08-07T07:58:27Z,aron-cullberg,387.0
2025-08-07T07:58:27Z,s4andersson,405.8
2025-08-07T07:58:27Z,rasmus-melin,497.9
2025-08-07T07:58:27Z,viktor6,411.6
2025-08-07T08:41:19Z,aron-cullberg,387.0
2025-08-07T08:41:19Z,s4andersson,405.8
2025-08-07T08:41:19Z,rasmus-melin,497.9
2025-08-07T08:41:19Z,viktor6,413.1
2025-08-07T09:14:33Z,aron-cullberg,387.0
2025-08-07T09:14:33Z,s4andersson,405.8
2025-08-07T09:14:33Z,rasmus-melin,497.9
2025-08-07T09:14:33Z,viktor6,413.1
2025-08-07T09:44:56Z,aron-cullberg,387.0
2025-08-07T09:44:56Z,s4andersson,405.8
2025-08-07T09:44:56Z,rasmus-melin,497.9
2025-08-07T09:44:56Z,viktor6,413.1
2025-08-07T09:59:44Z,aron-cullberg,387.0
2025-08-07T09:59:44Z,s4andersson,405.8
2025-08-07T09:59:44Z,rasmus-melin,497.9
2025-08-07T09:59:44Z,viktor6,413.1
2025-08-07T10:36:27Z,aron-cullberg,387.0
2025-08-07T10:36:27Z,s4andersson,405.8
2025-08-07T10:36:27Z,rasmus-melin,497.9
2025-08-07T10:36:27Z,viktor6,414.7
2025-08-07T10:56:09Z,aron-cullberg,387.0
2025-08-07T10:56:09Z,s4andersson,405.8
2025-08-07T10:56:09Z,rasmus-melin,497.9
2025-08-07T10:56:09Z,viktor6,414.7
2025-08-07T11:26:43Z,aron-cullberg,387.0
2025-08-07T11:26:43Z,s4andersson,405.8
2025-08-07T11:26:43Z,rasmus-melin,497.9
2025-08-07T11:26:43Z,viktor6,414.7
2025-08-07T11:45:44Z,aron-cullberg,387.0
2025-08-07T11:45:44Z,s4andersson,405.8
2025-08-07T11:45:44Z,rasmus-melin,497.9
2025-08-07T11:45:44Z,viktor6,414.7
2025-08-07T11:59:03Z,aron-cullberg,387.0
2025-08-07T11:59:03Z,s4andersson,405.8
2025-08-07T11:59:03Z,rasmus-melin,497.9
2025-08-07T11:59:03Z,viktor6,414.7
2025-08-07T13:04:24Z,aron-cullberg,387.0
2025-08-07T13:04:24Z,s4andersson,405.8
2025-08-07T13:04:24Z,rasmus-melin,497.9
2025-08-07T13:04:24Z,viktor6,414.7
2025-08-07T13:51:34Z,aron-cullberg,387.0
2025-08-07T13:51:34Z,s4andersson,405.8
2025-08-07T13:51:34Z,rasmus-melin,497.9
2025-08-07T13:51:34Z,viktor6,414.7
2025-08-07T14:31:33Z,aron-cullberg,387.0
2025-08-07T14:31:33Z,s4andersson,405.8
2025-08-07T14:31:33Z,rasmus-melin,497.9
2025-08-07T14:31:33Z,viktor6,414.7
2025-08-07T14:56:53Z,aron-cullberg,387.0
2025-08-07T14:56:53Z,s4andersson,405.8
2025-08-07T14:56:53Z,rasmus-melin,497.9
2025-08-07T14:56:53Z,viktor6,414.7
2025-08-07T15:33:42Z,aron-cullberg,387.0
2025-08-07T15:33:42Z,s4andersson,405.8
2025-08-07T15:33:42Z,rasmus-melin,497.9
2025-08-07T15:33:42Z,viktor6,414.7
2025-08-07T15:52:34Z,aron-cullberg,387.0
2025-08-07T15:52:34Z,s4andersson,405.8
2025-08-07T15:52:34Z,rasmus-melin,497.9
2025-08-07T15:52:34Z,viktor6,414.7
2025-08-07T16:37:25Z,aron-cullberg,387.0
2025-08-07T16:37:25Z,s4andersson,405.8
2025-08-07T16:37:25Z,rasmus-melin,497.9
2025-08-07T16:37:25Z,viktor6,414.7
2025-08-07T16:59:41Z,aron-cullberg,387.0
2025-08-07T16:59:41Z,s4andersson,405.8
2025-08-07T16:59:41Z,rasmus-melin,497.9
2025-08-07T16:59:41Z,viktor6,414.7
2025-08-07T17:33:29Z,aron-cullberg,387.0
2025-08-07T17:33:29Z,s4andersson,405.8
2025-08-07T17:33:29Z,rasmus-melin,497.9
2025-08-07T17:33:29Z,viktor6,414.7
2025-08-07T17:53:30Z,aron-cullberg,387.0
2025-08-07T17:53:30Z,s4andersson,405.8
2025-08-07T17:53:30Z,rasmus-melin,497.9
2025-08-07T17:53:30Z,viktor6,414.7
2025-08-07T18:44:05Z,aron-cullberg,387.0
2025-08-07T18:44:05Z,s4andersson,405.8
2025-08-07T18:44:05Z,rasmus-melin,497.9
2025-08-07T18:44:05Z,viktor6,414.7
2025-08-07T19:10:33Z,aron-cullberg,387.0
2025-08-07T19:10:33Z,s4andersson,405.8
2025-08-07T19:10:33Z,rasmus-melin,497.9
2025-08-07T19:10:33Z,viktor6,414.7
2025-08-07T19:33:31Z,aron-cullberg,387.0
2025-08-07T19:33:31Z,s4andersson,405.8
2025-08-07T19:33:31Z,rasmus-melin,497.9
2025-08-07T19:33:31Z,viktor6,414.7
2025-08-07T19:48:46Z,aron-cullberg,387.0
2025-08-07T19:48:46Z,s4andersson,405.8
2025-08-07T19:48:46Z,rasmus-melin,497.9
2025-08-07T19:48:46Z,viktor6,414.7
2025-08-07T20:13:26Z,aron-cullberg,387.0
2025-08-07T20:13:26Z,s4andersson,405.8
2025-08-07T20:13:26Z,rasmus-melin,497.9
2025-08-07T20:13:26Z,viktor6,414.7
2025-08-07T20:41:45Z,aron-cullberg,387.0
2025-08-07T20:41:45Z,s4andersson,405.8
2025-08-07T20:41:45Z,rasmus-melin,497.9
2025-08-07T20:41:45Z,viktor6,414.7
2025-08-07T20:59:05Z,aron-cullberg,387.0
2025-08-07T20:59:05Z,s4andersson,405.8
2025-08-07T20:59:05Z,rasmus-melin,497.9
2025-08-07T20:59:05Z,viktor6,414.7
2025-08-07T21:28:38Z,aron-cullberg,387.0
2025-08-07T21:28:38Z,s4andersson,405.8
2025-08-07T21:28:38Z,rasmus-melin,497.9
2025-08-07T21:28:38Z,viktor6,414.7
2025-08-07T21:47:30Z,aron-cullberg,387.0
2025-08-07T21:47:30Z,s4andersson,405.8
2025-08-07T21:47:30Z,rasmus-melin,497.9
2025-08-07T21:47:30Z,viktor6,414.7
2025-08-07T22:09:02Z,aron-cullberg,387.0
2025-08-07T22:09:02Z,s4andersson,405.8
2025-08-07T22:09:02Z,rasmus-melin,497.9
2025-08-07T22:09:02Z,viktor6,414.7
2025-08-07T22:40:35Z,aron-cullberg,387.0
2025-08-07T22:40:35Z,s4andersson,405.8
2025-08-07T22:40:35Z,rasmus-melin,497.9
2025-08-07T22:40:35Z,viktor6,414.7
2025-08-07T22:58:22Z,aron-cullberg,388.1
2025-08-07T22:58:22Z,s4andersson,407.0
2025-08-07T22:58:22Z,rasmus-melin,499.1
2025-08-07T22:58:22Z,viktor6,415.5
2025-08-07T23:29:46Z,aron-cullberg,388.1
2025-08-07T23:29:46Z,s4andersson,407.0
2025-08-07T23:29:46Z,rasmus-melin,499.1
2025-08-07T23:29:46Z,viktor6,415.5
2025-08-07T23:48:46Z,aron-cullberg,388.1
2025-08-07T23:48:46Z,s4andersson,407.0
2025-08-07T23:48:46Z,rasmus-melin,499.1
2025-08-07T23:48:46Z,viktor6,415.5
2025-08-08T01:01:30Z,aron-cullberg,387.9
2025-08-08T01:01:30Z,s4andersson,406.4
2025-08-08T01:01:30Z,rasmus-melin,497.8
2025-08-08T01:01:30Z,viktor6,415.5
2025-08-08T03:13:56Z,aron-cullberg,387.9
2025-08-08T03:13:56Z,s4andersson,406.4
2025-08-08T03:13:56Z,rasmus-melin,497.8
2025-08-08T03:13:56Z,viktor6,415.5
2025-08-08T04:15:03Z,aron-cullberg,387.9
2025-08-08T04:15:03Z,s4andersson,406.4
2025-08-08T04:15:03Z,rasmus-melin,497.8
2025-08-08T04:15:03Z,viktor6,415.5
2025-08-08T04:59:51Z,aron-cullberg,387.9
2025-08-08T04:59:51Z,s4andersson,406.4
2025-08-08T04:59:51Z,rasmus-melin,497.8
2025-08-08T04:59:51Z,viktor6,415.5
2025-08-08T05:39:46Z,aron-cullberg,387.9
2025-08-08T05:39:46Z,s4andersson,406.4
2025-08-08T05:39:46Z,rasmus-melin,497.8
2025-08-08T05:39:46Z,viktor6,415.5
2025-08-08T05:58:36Z,aron-cullberg,387.9
2025-08-08T05:58:36Z,s4andersson,406.4
2025-08-08T05:58:36Z,rasmus-melin,497.8
2025-08-08T05:58:36Z,viktor6,415.5
2025-08-08T06:48:58Z,aron-cullberg,387.9
2025-08-08T06:48:58Z,s4andersson,406.4
2025-08-08T06:48:58Z,rasmus-melin,497.8
2025-08-08T06:48:58Z,viktor6,415.5
2025-08-08T07:18:58Z,aron-cullberg,387.9
2025-08-08T07:18:58Z,s4andersson,406.4
2025-08-08T07:18:58Z,rasmus-melin,497.8
2025-08-08T07:18:58Z,viktor6,415.5
2025-08-08T07:43:36Z,aron-cullberg,387.9
2025-08-08T07:43:36Z,s4andersson,406.4
2025-08-08T07:43:36Z,rasmus-melin,497.8
2025-08-08T07:43:36Z,viktor6,415.5
2025-08-08T07:58:25Z,aron-cullberg,387.9
2025-08-08T07:58:25Z,s4andersson,406.4
2025-08-08T07:58:25Z,rasmus-melin,497.8
2025-08-08T07:58:25Z,viktor6,415.5
2025-08-08T08:40:29Z,aron-cullberg,387.9
2025-08-08T08:40:29Z,s4andersson,406.4
2025-08-08T08:40:29Z,rasmus-melin,497.8
2025-08-08T08:40:29Z,viktor6,415.5
2025-08-08T09:14:19Z,aron-cullberg,387.9
2025-08-08T09:14:19Z,s4andersson,406.4
2025-08-08T09:14:19Z,rasmus-melin,497.8
2025-08-08T09:14:19Z,viktor6,415.5
2025-08-08T09:44:54Z,aron-cullberg,387.9
2025-08-08T09:44:54Z,s4andersson,406.4
2025-08-08T09:44:54Z,rasmus-melin,497.8
2025-08-08T09:44:54Z,viktor6,415.5
2025-08-08T09:59:17Z,aron-cullberg,387.9
2025-08-08T09:59:17Z,s4andersson,406.4
2025-08-08T09:59:17Z,rasmus-melin,497.8
2025-08-08T09:59:17Z,viktor6,415.5
2025-08-08T10:35:45Z,aron-cullberg,387.9
2025-08-08T10:35:45Z,s4andersson,406.4
2025-08-08T10:35:45Z,rasmus-melin,497.8
2025-08-08T10:35:45Z,viktor6,415.5
2025-08-08T10:55:35Z,aron-cullberg,387.9
2025-08-08T10:55:35Z,s4andersson,406.4
2025-08-08T10:55:35Z,rasmus-melin,497.8
2025-08-08T10:55:35Z,viktor6,415.5
2025-08-08T11:25:58Z,aron-cullberg,387.9
2025-08-08T11:25:58Z,s4andersson,406.4
2025-08-08T11:25:58Z,rasmus-melin,497.8
2025-08-08T11:25:58Z,viktor6,415.5
2025-08-08T11:45:09Z,aron-cullberg,387.9
2025-08-08T11:45:09Z,s4andersson,406.4
2025-08-08T11:45:09Z,rasmus-melin,497.8
2025-08-08T11:45:09Z,viktor6,415.5
2025-08-08T11:58:17Z,aron-cullberg,387.9
2025-08-08T11:58:17Z,s4andersson,406.4
2025-08-08T11:58:17Z,rasmus-melin,497.8
2025-08-08T11:58:17Z,viktor6,415.5
2025-08-08T13:02:51Z,aron-cullberg,387.9
2025-08-08T13:02:51Z,s4andersson,406.4
2025-08-08T13:02:51Z,rasmus-melin,497.8
2025-08-08T13:02:51Z,viktor6,415.5
2025-08-08T13:50:08Z,aron-cullberg,387.9
2025-08-08T13:50:08Z,s4andersson,406.4
2025-08-08T13:50:08Z,rasmus-melin,497.8
2025-08-08T13:50:08Z,viktor6,415.5
2025-08-08T14:17:53Z,aron-cullberg,387.9
2025-08-08T14:17:53Z,s4andersson,406.4
2025-08-08T14:17:53Z,rasmus-melin,497.8
2025-08-08T14:17:53Z,viktor6,415.5
2025-08-08T14:45:13Z,aron-cullberg,387.9
2025-08-08T14:45:13Z,s4andersson,406.4
2025-08-08T14:45:13Z,rasmus-melin,497.8
2025-08-08T14:45:13Z,viktor6,415.5
2025-08-08T14:59:40Z,aron-cullberg,387.9
2025-08-08T14:59:40Z,s4andersson,406.4
2025-08-08T14:59:40Z,rasmus-melin,497.8
2025-08-08T14:59:40Z,viktor6,415.5
2025-08-08T15:33:51Z,aron-cullberg,387.9
2025-08-08T15:33:51Z,s4andersson,406.4
2025-08-08T15:33:51Z,rasmus-melin,497.8
2025-08-08T15:33:51Z,viktor6,415.5
2025-08-08T15:54:00Z,aron-cullberg,387.9
2025-08-08T15:54:00Z,s4andersson,406.4
2025-08-08T15:54:00Z,rasmus-melin,497.8
2025-08-08T15:54:00Z,viktor6,415.5
2025-08-08T16:33:38Z,aron-cullberg,387.9
2025-08-08T16:33:38Z,s4andersson,406.4
2025-08-08T16:33:38Z,rasmus-melin,497.8
2025-08-08T16:33:38Z,viktor6,415.5
2025-08-08T16:54:11Z,aron-cullberg,387.9
2025-08-08T16:54:11Z,s4andersson,406.4
2025-08-08T16:54:11Z,rasmus-melin,497.8
2025-08-08T16:54:11Z,viktor6,415.5
2025-08-08T17:22:59Z,aron-cullberg,387.9
2025-08-08T17:22:59Z,s4andersson,406.4
2025-08-08T17:22:59Z,rasmus-melin,497.8
2025-08-08T17:22:59Z,viktor6,415.5
2025-08-08T17:44:59Z,aron-cullberg,387.9
2025-08-08T17:44:59Z,s4andersson,406.4
2025-08-08T17:44:59Z,rasmus-melin,497.8
2025-08-08T17:44:59Z,viktor6,415.5
2025-08-08T17:58:17Z,aron-cullberg,387.9
2025-08-08T17:58:17Z,s4andersson,406.4
2025-08-08T17:58:17Z,rasmus-melin,497.8
2025-08-08T17:58:17Z,viktor6,415.5
2025-08-08T18:40:21Z,aron-cullberg,387.9
2025-08-08T18:40:21Z,s4andersson,406.4
2025-08-08T18:40:21Z,rasmus-melin,497.8
2025-08-08T18:40:21Z,viktor6,415.5
2025-08-08T19:00:34Z,aron-cullberg,387.9
2025-08-08T19:00:34Z,s4andersson,406.4
2025-08-08T19:00:34Z,rasmus-melin,497.8
2025-08-08T19:00:34Z,viktor6,415.5
2025-08-08T19:25:26Z,aron-cullberg,387.9
2025-08-08T19:25:26Z,s4andersson,406.4
2025-08-08T19:25:26Z,rasmus-melin,497.8
2025-08-08T19:25:26Z,viktor6,415.5
2025-08-08T19:41:43Z,aron-cullberg,387.9
2025-08-08T19:41:43Z,s4andersson,406.4
2025-08-08T19:41:43Z,rasmus-melin,497.8
2025-08-08T19:41:43Z,viktor6,415.5
2025-08-08T19:58:23Z,aron-cullberg,387.9
2025-08-08T19:58:23Z,s4andersson,406.4
2025-08-08T19:58:23Z,rasmus-melin,497.8
2025-08-08T19:58:23Z,viktor6,415.5
2025-08-08T20:31:47Z,aron-cullberg,387.9
2025-08-08T20:31:47Z,s4andersson,406.4
2025-08-08T20:31:47Z,rasmus-melin,497.8
2025-08-08T20:31:47Z,viktor6,415.5
2025-08-08T20:52:30Z,aron-cullberg,387.9
2025-08-08T20:52:30Z,s4andersson,406.4
2025-08-08T20:52:30Z,rasmus-melin,497.8
2025-08-08T20:52:30Z,viktor6,415.5
2025-08-08T21:25:18Z,aron-cullberg,387.9
2025-08-08T21:25:18Z,s4andersson,406.4
2025-08-08T21:25:18Z,rasmus-melin,497.8
2025-08-08T21:25:18Z,viktor6,415.5
2025-08-08T21:43:53Z,aron-cullberg,387.9
2025-08-08T21:43:53Z,s4andersson,406.4
2025-08-08T21:43:53Z,rasmus-melin,497.8
2025-08-08T21:43:53Z,viktor6,415.5
2025-08-08T21:58:11Z,aron-cullberg,387.9
2025-08-08T21:58:11Z,s4andersson,406.4
2025-08-08T21:58:11Z,rasmus-melin,497.8
2025-08-08T21:58:11Z,viktor6,415.5
2025-08-08T22:30:01Z,aron-cullberg,387.9
2025-08-08T22:30:01Z,s4andersson,406.4
2025-08-08T22:30:01Z,rasmus-melin,497.8
2025-08-08T22:30:01Z,viktor6,415.5
2025-08-08T22:49:20Z,aron-cullberg,388.0
2025-08-08T22:49:20Z,s4andersson,407.2
2025-08-08T22:49:20Z,rasmus-melin,499.1
2025-08-08T22:49:20Z,viktor6,415.6
2025-08-08T23:12:44Z,aron-cullberg,388.0
2025-08-08T23:12:44Z,s4andersson,407.2
2025-08-08T23:12:44Z,rasmus-melin,499.1
2025-08-08T23:12:44Z,viktor6,415.6
2025-08-08T23:35:40Z,aron-cullberg,388.0
2025-08-08T23:35:40Z,s4andersson,407.2
2025-08-08T23:35:40Z,rasmus-melin,499.1
2025-08-08T23:35:40Z,viktor6,415.6
2025-08-08T23:50:16Z,aron-cullberg,388.0
2025-08-08T23:50:16Z,s4andersson,407.2
2025-08-08T23:50:16Z,rasmus-melin,499.1
2025-08-08T23:50:16Z,viktor6,415.6
2025-08-09T02:09:06Z,aron-cullberg,388.0
2025-08-09T02:09:06Z,s4andersson,406.6
2025-08-09T02:09:06Z,rasmus-melin,499.0
2025-08-09T02:09:06Z,viktor6,415.6
2025-08-09T03:33:59Z,aron-cullberg,388.0
2025-08-09T03:33:59Z,s4andersson,406.6
2025-08-09T03:33:59Z,rasmus-melin,499.0
2025-08-09T03:33:59Z,viktor6,415.6
2025-08-09T04:05:50Z,aron-cullberg,388.0
2025-08-09T04:05:50Z,s4andersson,406.6
2025-08-09T04:05:50Z,rasmus-melin,499.0
2025-08-09T04:05:50Z,viktor6,415.6
2025-08-09T04:42:48Z,aron-cullberg,388.0
2025-08-09T04:42:48Z,s4andersson,406.6
2025-08-09T04:42:48Z,rasmus-melin,499.0
2025-08-09T04:42:48Z,viktor6,415.6
2025-08-09T05:00:48Z,aron-cullberg,388.0
2025-08-09T05:00:48Z,s4andersson,406.6
2025-08-09T05:00:48Z,rasmus-melin,499.0
2025-08-09T05:00:48Z,viktor6,415.6
2025-08-09T05:34:09Z,aron-cullberg,388.0
2025-08-09T05:34:09Z,s4andersson,406.6
2025-08-09T05:34:09Z,rasmus-melin,499.0
2025-08-09T05:34:09Z,viktor6,415.6
2025-08-09T05:51:13Z,aron-cullberg,388.0
2025-08-09T05:51:13Z,s4andersson,406.6
2025-08-09T05:51:13Z,rasmus-melin,499.0
2025-08-09T05:51:13Z,viktor6,415.6
2025-08-09T06:38:37Z,aron-cullberg,388.0
2025-08-09T06:38:37Z,s4andersson,406.6
2025-08-09T06:38:37Z,rasmus-melin,499.0
2025-08-09T06:38:37Z,viktor6,415.6
2025-08-09T06:57:41Z,aron-cullberg,388.0
2025-08-09T06:57:41Z,s4andersson,406.6
2025-08-09T06:57:41Z,rasmus-melin,499.0
2025-08-09T06:57:41Z,viktor6,415.6
2025-08-09T07:26:21Z,aron-cullberg,388.0
2025-08-09T07:26:21Z,s4andersson,406.6
2025-08-09T07:26:21Z,rasmus-melin,499.0
2025-08-09T07:26:21Z,viktor6,415.6
2025-08-09T07:42:58Z,aron-cullberg,388.0
2025-08-09T07:42:58Z,s4andersson,406.6
2025-08-09T07:42:58Z,rasmus-melin,499.0
2025-08-09T07:42:58Z,viktor6,415.6
2025-08-09T07:58:26Z,aron-cullberg,388.0
2025-08-09T07:58:26Z,s4andersson,406.6
2025-08-09T07:58:26Z,rasmus-melin,499.0
2025-08-09T07:58:26Z,viktor6,415.6
2025-08-09T08:35:06Z,aron-cullberg,388.0
2025-08-09T08:35:06Z,s4andersson,406.6
2025-08-09T08:35:06Z,rasmus-melin,499.0
2025-08-09T08:35:06Z,viktor6,415.6
2025-08-09T08:54:57Z,aron-cullberg,388.0
2025-08-09T08:54:57Z,s4andersson,406.6
2025-08-09T08:54:57Z,rasmus-melin,499.0
2025-08-09T08:54:57Z,viktor6,415.6
2025-08-09T09:27:07Z,aron-cullberg,388.0
2025-08-09T09:27:07Z,s4andersson,406.6
2025-08-09T09:27:07Z,rasmus-melin,499.0
2025-08-09T09:27:07Z,viktor6,415.6
2025-08-09T09:44:55Z,aron-cullberg,388.0
2025-08-09T09:44:55Z,s4andersson,406.6
2025-08-09T09:44:55Z,rasmus-melin,499.0
2025-08-09T09:44:55Z,viktor6,415.6
2025-08-09T09:58:06Z,aron-cullberg,388.0
2025-08-09T09:58:06Z,s4andersson,406.6
2025-08-09T09:58:06Z,rasmus-melin,499.0
2025-08-09T09:58:06Z,viktor6,415.6
2025-08-09T10:30:49Z,aron-cullberg,388.0
2025-08-09T10:30:49Z,s4andersson,406.6
2025-08-09T10:30:49Z,rasmus-melin,499.0
2025-08-09T10:30:49Z,viktor6,415.6
2025-08-09T10:51:40Z,aron-cullberg,388.0
2025-08-09T10:51:40Z,s4andersson,406.6
2025-08-09T10:51:40Z,rasmus-melin,499.0
2025-08-09T10:51:40Z,viktor6,415.6
2025-08-09T11:21:44Z,aron-cullberg,388.0
2025-08-09T11:21:44Z,s4andersson,406.6
2025-08-09T11:21:44Z,rasmus-melin,499.0
2025-08-09T11:21:44Z,viktor6,415.6
2025-08-09T11:41:52Z,aron-cullberg,388.0
2025-08-09T11:41:52Z,s4andersson,406.6
2025-08-09T11:41:52Z,rasmus-melin,499.0
2025-08-09T11:41:52Z,viktor6,415.6
2025-08-09T11:58:27Z,aron-cullberg,388.0
2025-08-09T11:58:27Z,s4andersson,406.6
2025-08-09T11:58:27Z,rasmus-melin,499.0
2025-08-09T11:58:27Z,viktor6,415.6
2025-08-09T12:55:39Z,aron-cullberg,388.0
2025-08-09T12:55:39Z,s4andersson,406.6
2025-08-09T12:55:39Z,rasmus-melin,499.0
2025-08-09T12:55:39Z,viktor6,415.6
2025-08-09T13:34:49Z,aron-cullberg,388.0
2025-08-09T13:34:49Z,s4andersson,406.6
2025-08-09T13:34:49Z,rasmus-melin,499.0
2025-08-09T13:34:49Z,viktor6,415.6
2025-08-09T13:50:59Z,aron-cullberg,388.0
2025-08-09T13:50:59Z,s4andersson,406.6
2025-08-09T13:50:59Z,rasmus-melin,499.0
2025-08-09T13:50:59Z,viktor6,415.6
2025-08-09T14:24:57Z,aron-cullberg,388.0
2025-08-09T14:24:57Z,s4andersson,406.6
2025-08-09T14:24:57Z,rasmus-melin,499.0
2025-08-09T14:24:57Z,viktor6,415.6
2025-08-09T14:45:01Z,aron-cullberg,388.0
2025-08-09T14:45:01Z,s4andersson,406.6
2025-08-09T14:45:01Z,rasmus-melin,499.0
2025-08-09T14:45:01Z,viktor6,415.6
2025-08-09T14:58:29Z,aron-cullberg,388.0
2025-08-09T14:58:29Z,s4andersson,406.6
2025-08-09T14:58:29Z,rasmus-melin,499.0
2025-08-09T14:58:29Z,viktor6,415.6
2025-08-09T15:28:36Z,aron-cullberg,388.0
2025-08-09T15:28:36Z,s4andersson,406.6
2025-08-09T15:28:36Z,rasmus-melin,499.0
2025-08-09T15:28:36Z,viktor6,415.6
2025-08-09T15:45:44Z,aron-cullberg,388.0
2025-08-09T15:45:44Z,s4andersson,406.6
2025-08-09T15:45:44Z,rasmus-melin,499.0
2025-08-09T15:45:44Z,viktor6,415.6
2025-08-09T15:59:03Z,aron-cullberg,388.0
2025-08-09T15:59:03Z,s4andersson,406.6
2025-08-09T15:59:03Z,rasmus-melin,499.0
2025-08-09T15:59:03Z,viktor6,415.6
2025-08-09T16:34:58Z,aron-cullberg,388.0
2025-08-09T16:34:58Z,s4andersson,406.6
2025-08-09T16:34:58Z,rasmus-melin,499.0
2025-08-09T16:34:58Z,viktor6,415.6
2025-08-09T16:54:24Z,aron-cullberg,388.0
2025-08-09T16:54:24Z,s4andersson,406.6
2025-08-09T16:54:24Z,rasmus-melin,499.0
2025-08-09T16:54:24Z,viktor6,415.6
2025-08-09T17:22:58Z,aron-cullberg,388.0
2025-08-09T17:22:58Z,s4andersson,406.6
2025-08-09T17:22:58Z,rasmus-melin,499.0
2025-08-09T17:22:58Z,viktor6,415.6
2025-08-09T17:43:49Z,aron-cullberg,388.0
2025-08-09T17:43:49Z,s4andersson,406.6
2025-08-09T17:43:49Z,rasmus-melin,499.0
2025-08-09T17:43:49Z,viktor6,415.6
2025-08-09T17:58:14Z,aron-cullberg,388.0
2025-08-09T17:58:14Z,s4andersson,406.6
2025-08-09T17:58:14Z,rasmus-melin,499.0
2025-08-09T17:58:14Z,viktor6,415.6
2025-08-09T18:39:01Z,aron-cullberg,388.0
2025-08-09T18:39:01Z,s4andersson,406.6
2025-08-09T18:39:01Z,rasmus-melin,499.0
2025-08-09T18:39:01Z,viktor6,415.6
2025-08-09T18:57:32Z,aron-cullberg,388.0
2025-08-09T18:57:32Z,s4andersson,406.6
2025-08-09T18:57:32Z,rasmus-melin,499.0
2025-08-09T18:57:32Z,viktor6,415.6
2025-08-09T19:22:24Z,aron-cullberg,388.0
2025-08-09T19:22:24Z,s4andersson,406.6
2025-08-09T19:22:24Z,rasmus-melin,499.0
2025-08-09T19:22:24Z,viktor6,415.6
2025-08-09T19:40:32Z,aron-cullberg,388.0
2025-08-09T19:40:32Z,s4andersson,406.6
2025-08-09T19:40:32Z,rasmus-melin,499.0
2025-08-09T19:40:32Z,viktor6,415.6
2025-08-09T19:58:27Z,aron-cullberg,388.0
2025-08-09T19:58:27Z,s4andersson,406.6
2025-08-09T19:58:27Z,rasmus-melin,499.0
2025-08-09T19:58:27Z,viktor6,415.6
2025-08-09T20:30:08Z,aron-cullberg,388.0
2025-08-09T20:30:08Z,s4andersson,406.6
2025-08-09T20:30:08Z,rasmus-melin,499.0
2025-08-09T20:30:08Z,viktor6,415.6
2025-08-09T20:47:51Z,aron-cullberg,388.0
2025-08-09T20:47:51Z,s4andersson,406.6
2025-08-09T20:47:51Z,rasmus-melin,499.0
2025-08-09T20:47:51Z,viktor6,415.6
2025-08-09T21:07:59Z,aron-cullberg,388.0
2025-08-09T21:07:59Z,s4andersson,406.6
2025-08-09T21:07:59Z,rasmus-melin,499.0
2025-08-09T21:07:59Z,viktor6,415.6
2025-08-09T21:30:23Z,aron-cullberg,388.0
2025-08-09T21:30:23Z,s4andersson,406.6
2025-08-09T21:30:23Z,rasmus-melin,499.0
2025-08-09T21:30:23Z,viktor6,415.6
2025-08-09T21:48:29Z,aron-cullberg,388.0
2025-08-09T21:48:29Z,s4andersson,406.6
2025-08-09T21:48:29Z,rasmus-melin,499.0
2025-08-09T21:48:29Z,viktor6,415.6
2025-08-09T22:10:15Z,aron-cullberg,388.0
2025-08-09T22:10:15Z,s4andersson,406.6
2025-08-09T22:10:15Z,rasmus-melin,499.0
2025-08-09T22:10:15Z,viktor6,415.6
2025-08-09T22:39:42Z,aron-cullberg,388.0
2025-08-09T22:39:42Z,s4andersson,406.6
2025-08-09T22:39:42Z,rasmus-melin,499.0
2025-08-09T22:39:42Z,viktor6,415.6
2025-08-09T22:53:28Z,aron-cullberg,388.0
2025-08-09T22:53:28Z,s4andersson,406.5
2025-08-09T22:53:28Z,rasmus-melin,499.0
2025-08-09T22:53:28Z,viktor6,415.7
2025-08-09T23:25:36Z,aron-cullberg,388.0
2025-08-09T23:25:36Z,s4andersson,406.5
2025-08-09T23:25:36Z,rasmus-melin,499.0
2025-08-09T23:25:36Z,viktor6,415.7
2025-08-09T23:43:49Z,aron-cullberg,388.0
2025-08-09T23:43:49Z,s4andersson,406.5
2025-08-09T23:43:49Z,rasmus-melin,499.0
2025-08-09T23:43:49Z,viktor6,415.7
2025-08-09T23:58:27Z,aron-cullberg,388.0
2025-08-09T23:58:27Z,s4andersson,406.5
2025-08-09T23:58:27Z,rasmus-melin,499.0
2025-08-09T23:58:27Z,viktor6,415.7
2025-08-10T02:34:17Z,aron-cullberg,387.9
2025-08-10T02:34:17Z,s4andersson,406.6
2025-08-10T02:34:17Z,rasmus-melin,499.1
2025-08-10T02:34:17Z,viktor6,415.7
2025-08-10T03:55:48Z,aron-cullberg,387.9
2025-08-10T03:55:48Z,s4andersson,406.6
2025-08-10T03:55:48Z,rasmus-melin,499.1
2025-08-10T03:55:48Z,viktor6,415.7
2025-08-10T04:47:14Z,aron-cullberg,387.9
2025-08-10T04:47:14Z,s4andersson,406.6
2025-08-10T04:47:14Z,rasmus-melin,499.1
2025-08-10T04:47:14Z,viktor6,415.7
2025-08-10T05:13:51Z,aron-cullberg,387.9
2025-08-10T05:13:51Z,s4andersson,406.6
2025-08-10T05:13:51Z,rasmus-melin,499.1
2025-08-10T05:13:51Z,viktor6,415.7
2025-08-10T05:42:54Z,aron-cullberg,387.9
2025-08-10T05:42:54Z,s4andersson,406.6
2025-08-10T05:42:54Z,rasmus-melin,499.1
2025-08-10T05:42:54Z,viktor6,415.7
2025-08-10T05:58:33Z,aron-cullberg,387.9
2025-08-10T05:58:33Z,s4andersson,406.6
2025-08-10T05:58:33Z,rasmus-melin,499.1
2025-08-10T05:58:33Z,viktor6,415.7
2025-08-10T06:39:59Z,aron-cullberg,387.9
2025-08-10T06:39:59Z,s4andersson,406.6
2025-08-10T06:39:59Z,rasmus-melin,499.1
2025-08-10T06:39:59Z,viktor6,415.7
2025-08-10T06:58:12Z,aron-cullberg,387.9
2025-08-10T06:58:12Z,s4andersson,406.6
2025-08-10T06:58:12Z,rasmus-melin,499.1
2025-08-10T06:58:12Z,viktor6,415.7
2025-08-10T07:26:32Z,aron-cullberg,387.9
2025-08-10T07:26:32Z,s4andersson,406.6
2025-08-10T07:26:32Z,rasmus-melin,499.1
2025-08-10T07:26:32Z,viktor6,415.7
2025-08-10T07:42:39Z,aron-cullberg,387.9
2025-08-10T07:42:39Z,s4andersson,406.6
2025-08-10T07:42:39Z,rasmus-melin,499.1
2025-08-10T07:42:39Z,viktor6,415.7
2025-08-10T07:58:19Z,aron-cullberg,387.9
2025-08-10T07:58:19Z,s4andersson,406.6
2025-08-10T07:58:19Z,rasmus-melin,499.1
2025-08-10T07:58:19Z,viktor6,415.7
2025-08-10T08:34:53Z,aron-cullberg,387.9
2025-08-10T08:34:53Z,s4andersson,406.6
2025-08-10T08:34:53Z,rasmus-melin,499.1
2025-08-10T08:34:53Z,viktor6,415.7
2025-08-10T08:54:20Z,aron-cullberg,387.9
2025-08-10T08:54:20Z,s4andersson,406.6
2025-08-10T08:54:20Z,rasmus-melin,499.1
2025-08-10T08:54:20Z,viktor6,415.7
2025-08-10T09:27:30Z,aron-cullberg,387.9
2025-08-10T09:27:30Z,s4andersson,406.6
2025-08-10T09:27:30Z,rasmus-melin,499.1
2025-08-10T09:27:30Z,viktor6,415.7
2025-08-10T09:45:10Z,aron-cullberg,387.9
2025-08-10T09:45:10Z,s4andersson,406.6
2025-08-10T09:45:10Z,rasmus-melin,499.1
2025-08-10T09:45:10Z,viktor6,415.7
2025-08-10T09:58:10Z,aron-cullberg,387.9
2025-08-10T09:58:10Z,s4andersson,406.6
2025-08-10T09:58:10Z,rasmus-melin,499.1
2025-08-10T09:58:10Z,viktor6,415.7
2025-08-10T10:31:07Z,aron-cullberg,387.9
2025-08-10T10:31:07Z,s4andersson,406.6
2025-08-10T10:31:07Z,rasmus-melin,499.1
2025-08-10T10:31:07Z,viktor6,415.7
2025-08-10T10:51:59Z,aron-cullberg,387.9
2025-08-10T10:51:59Z,s4andersson,406.6
2025-08-10T10:51:59Z,rasmus-melin,499.1
2025-08-10T10:51:59Z,viktor6,415.7
2025-08-10T11:21:52Z,aron-cullberg,387.9
2025-08-10T11:21:52Z,s4andersson,406.6
2025-08-10T11:21:52Z,rasmus-melin,499.1
2025-08-10T11:21:52Z,viktor6,415.7
2025-08-10T11:41:37Z,aron-cullberg,387.9
2025-08-10T11:41:37Z,s4andersson,406.6
2025-08-10T11:41:37Z,rasmus-melin,499.1
2025-08-10T11:41:37Z,viktor6,415.7
2025-08-10T11:58:19Z,aron-cullberg,387.9
2025-08-10T11:58:19Z,s4andersson,406.6
2025-08-10T11:58:19Z,rasmus-melin,499.1
2025-08-10T11:58:19Z,viktor6,415.7
2025-08-10T12:56:04Z,aron-cullberg,387.9
2025-08-10T12:56:04Z,s4andersson,406.6
2025-08-10T12:56:04Z,rasmus-melin,499.1
2025-08-10T12:56:04Z,viktor6,415.7
2025-08-10T13:35:17Z,aron-cullberg,387.9
2025-08-10T13:35:17Z,s4andersson,406.6
2025-08-10T13:35:17Z,rasmus-melin,499.1
2025-08-10T13:35:17Z,viktor6,415.7
2025-08-10T13:51:35Z,aron-cullberg,387.9
2025-08-10T13:51:35Z,s4andersson,406.6
2025-08-10T13:51:35Z,rasmus-melin,499.1
2025-08-10T13:51:35Z,viktor6,415.7
2025-08-10T14:24:55Z,aron-cullberg,387.9
2025-08-10T14:24:55Z,s4andersson,406.6
2025-08-10T14:24:55Z,rasmus-melin,499.1
2025-08-10T14:24:55Z,viktor6,415.7
2025-08-10T14:44:50Z,aron-cullberg,387.9
2025-08-10T14:44:50Z,s4andersson,406.6
2025-08-10T14:44:50Z,rasmus-melin,499.1
2025-08-10T14:44:50Z,viktor6,415.7
2025-08-10T14:58:12Z,aron-cullberg,387.9
2025-08-10T14:58:12Z,s4andersson,406.6
2025-08-10T14:58:12Z,rasmus-melin,499.1
2025-08-10T14:58:12Z,viktor6,415.7
2025-08-10T15:28:21Z,aron-cullberg,387.9
2025-08-10T15:28:21Z,s4andersson,406.6
2025-08-10T15:28:21Z,rasmus-melin,499.1
2025-08-10T15:28:21Z,viktor6,415.7
2025-08-10T15:45:34Z,aron-cullberg,387.9
2025-08-10T15:45:34Z,s4andersson,409.1
2025-08-10T15:45:34Z,rasmus-melin,499.1
2025-08-10T15:45:34Z,viktor6,415.7
2025-08-10T15:58:44Z,aron-cullberg,387.9
2025-08-10T15:58:44Z,s4andersson,410.4
2025-08-10T15:58:44Z,rasmus-melin,499.1
2025-08-10T15:58:44Z,viktor6,415.7
2025-08-10T16:34:37Z,aron-cullberg,387.9
2025-08-10T16:34:37Z,s4andersson,410.4
2025-08-10T16:34:37Z,rasmus-melin,499.1
2025-08-10T16:34:37Z,viktor6,415.7
2025-08-10T16:54:39Z,aron-cullberg,387.9
2025-08-10T16:54:39Z,s4andersson,410.4
2025-08-10T16:54:39Z,rasmus-melin,499.1
2025-08-10T16:54:39Z,viktor6,415.7
2025-08-10T17:22:22Z,aron-cullberg,387.9
2025-08-10T17:22:22Z,s4andersson,410.4
2025-08-10T17:22:22Z,rasmus-melin,499.1
2025-08-10T17:22:22Z,viktor6,415.7
2025-08-10T17:43:46Z,aron-cullberg,387.9
2025-08-10T17:43:46Z,s4andersson,410.4
2025-08-10T17:43:46Z,rasmus-melin,499.1
2025-08-10T17:43:46Z,viktor6,415.7
2025-08-10T17:58:13Z,aron-cullberg,387.9
2025-08-10T17:58:13Z,s4andersson,410.4
2025-08-10T17:58:13Z,rasmus-melin,499.1
2025-08-10T17:58:13Z,viktor6,415.7
2025-08-10T18:38:01Z,aron-cullberg,387.9
2025-08-10T18:38:01Z,s4andersson,410.4
2025-08-10T18:38:01Z,rasmus-melin,499.1
2025-08-10T18:38:01Z,viktor6,415.7
2025-08-10T18:55:44Z,aron-cullberg,387.9
2025-08-10T18:55:44Z,s4andersson,410.4
2025-08-10T18:55:44Z,rasmus-melin,499.1
2025-08-10T18:55:44Z,viktor6,415.7
2025-08-10T19:21:13Z,aron-cullberg,387.9
2025-08-10T19:21:13Z,s4andersson,410.4
2025-08-10T19:21:13Z,rasmus-melin,499.1
2025-08-10T19:21:13Z,viktor6,415.7
2025-08-10T19:40:08Z,aron-cullberg,387.9
2025-08-10T19:40:08Z,s4andersson,410.4
2025-08-10T19:40:08Z,rasmus-melin,499.1
2025-08-10T19:40:08Z,viktor6,415.7
2025-08-10T19:53:23Z,aron-cullberg,387.9
2025-08-10T19:53:23Z,s4andersson,412.4
2025-08-10T19:53:23Z,rasmus-melin,499.1
2025-08-10T19:53:23Z,viktor6,415.7
2025-08-10T20:28:53Z,aron-cullberg,387.9
2025-08-10T20:28:53Z,s4andersson,412.4
2025-08-10T20:28:53Z,rasmus-melin,499.1
2025-08-10T20:28:53Z,viktor6,415.7
2025-08-10T20:46:47Z,aron-cullberg,387.9
2025-08-10T20:46:47Z,s4andersson,412.4
2025-08-10T20:46:47Z,rasmus-melin,499.1
2025-08-10T20:46:47Z,viktor6,415.7
2025-08-10T21:00:02Z,aron-cullberg,387.9
2025-08-10T21:00:02Z,s4andersson,414.6
2025-08-10T21:00:02Z,rasmus-melin,499.1
2025-08-10T21:00:02Z,viktor6,415.7
2025-08-10T21:26:39Z,aron-cullberg,387.9
2025-08-10T21:26:39Z,s4andersson,414.6
2025-08-10T21:26:39Z,rasmus-melin,499.1
2025-08-10T21:26:39Z,viktor6,415.7
2025-08-10T21:43:27Z,aron-cullberg,387.9
2025-08-10T21:43:27Z,s4andersson,414.6
2025-08-10T21:43:27Z,rasmus-melin,499.1
2025-08-10T21:43:27Z,viktor6,415.7
2025-08-10T21:58:33Z,aron-cullberg,387.9
2025-08-10T21:58:33Z,s4andersson,414.6
2025-08-10T21:58:33Z,rasmus-melin,499.1
2025-08-10T21:58:33Z,viktor6,415.7
2025-08-10T22:29:22Z,aron-cullberg,387.9
2025-08-10T22:29:22Z,s4andersson,414.6
2025-08-10T22:29:22Z,rasmus-melin,499.1
2025-08-10T22:29:22Z,viktor6,415.7
2025-08-10T22:47:52Z,aron-cullberg,387.5
2025-08-10T22:47:52Z,s4andersson,414.2
2025-08-10T22:47:52Z,rasmus-melin,498.0
2025-08-10T22:47:52Z,viktor6,415.9
2025-08-10T23:08:59Z,aron-cullberg,387.5
2025-08-10T23:08:59Z,s4andersson,414.2
2025-08-10T23:08:59Z,rasmus-melin,498.0
2025-08-10T23:08:59Z,viktor6,415.9
2025-08-10T23:31:49Z,aron-cullberg,387.5
2025-08-10T23:31:49Z,s4andersson,414.2
2025-08-10T23:31:49Z,rasmus-melin,498.0
2025-08-10T23:31:49Z,viktor6,415.9
2025-08-10T23:49:57Z,aron-cullberg,387.5
2025-08-10T23:49:57Z,s4andersson,414.2
2025-08-10T23:49:57Z,rasmus-melin,498.0
2025-08-10T23:49:57Z,viktor6,415.9
2025-08-11T01:15:51Z,aron-cullberg,387.5
2025-08-11T01:15:51Z,s4andersson,414.8
2025-08-11T01:15:51Z,rasmus-melin,499.2
2025-08-11T01:15:51Z,viktor6,415.9
2025-08-11T03:14:44Z,aron-cullberg,387.5
2025-08-11T03:14:44Z,s4andersson,414.8
2025-08-11T03:14:44Z,rasmus-melin,499.2
2025-08-11T03:14:44Z,viktor6,415.9
2025-08-11T04:14:32Z,aron-cullberg,387.5
2025-08-11T04:14:32Z,s4andersson,414.8
2025-08-11T04:14:32Z,rasmus-melin,499.2
2025-08-11T04:14:32Z,viktor6,415.9
2025-08-11T04:58:34Z,aron-cullberg,387.5
2025-08-11T04:58:34Z,s4andersson,414.8
2025-08-11T04:58:34Z,rasmus-melin,499.2
2025-08-11T04:58:34Z,viktor6,415.9
2025-08-11T05:37:52Z,aron-cullberg,387.5
2025-08-11T05:37:52Z,s4andersson,414.8
2025-08-11T05:37:52Z,rasmus-melin,499.2
2025-08-11T05:37:52Z,viktor6,415.9
2025-08-11T05:56:36Z,aron-cullberg,387.5
2025-08-11T05:56:36Z,s4andersson,414.8
2025-08-11T05:56:36Z,rasmus-melin,499.2
2025-08-11T05:56:36Z,viktor6,415.9
2025-08-11T06:47:06Z,aron-cullberg,387.5
2025-08-11T06:47:06Z,s4andersson,414.8
2025-08-11T06:47:06Z,rasmus-melin,499.2
2025-08-11T06:47:06Z,viktor6,415.9
2025-08-11T07:15:09Z,aron-cullberg,387.5
2025-08-11T07:15:09Z,s4andersson,414.8
2025-08-11T07:15:09Z,rasmus-melin,499.2
2025-08-11T07:15:09Z,viktor6,415.9
2025-08-11T07:41:17Z,aron-cullberg,387.5
2025-08-11T07:41:17Z,s4andersson,414.8
2025-08-11T07:41:17Z,rasmus-melin,499.2
2025-08-11T07:41:17Z,viktor6,415.9
2025-08-11T07:58:26Z,aron-cullberg,387.5
2025-08-11T07:58:26Z,s4andersson,414.8
2025-08-11T07:58:26Z,rasmus-melin,499.2
2025-08-11T07:58:26Z,viktor6,415.9
2025-08-11T08:41:34Z,aron-cullberg,387.5
2025-08-11T08:41:34Z,s4andersson,414.8
2025-08-11T08:41:34Z,rasmus-melin,499.2
2025-08-11T08:41:34Z,viktor6,415.9
2025-08-11T09:13:35Z,aron-cullberg,387.5
2025-08-11T09:13:35Z,s4andersson,414.8
2025-08-11T09:13:35Z,rasmus-melin,499.2
2025-08-11T09:13:35Z,viktor6,415.9
2025-08-11T09:44:19Z,aron-cullberg,387.5
2025-08-11T09:44:19Z,s4andersson,414.8
2025-08-11T09:44:19Z,rasmus-melin,499.2
2025-08-11T09:44:19Z,viktor6,415.9
2025-08-11T09:58:36Z,aron-cullberg,387.5
2025-08-11T09:58:36Z,s4andersson,414.8
2025-08-11T09:58:36Z,rasmus-melin,499.2
2025-08-11T09:58:36Z,viktor6,415.9
2025-08-11T10:35:00Z,aron-cullberg,387.5
2025-08-11T10:35:00Z,s4andersson,414.8
2025-08-11T10:35:00Z,rasmus-melin,499.2
2025-08-11T10:35:00Z,viktor6,415.9
2025-08-11T10:54:32Z,aron-cullberg,387.5
2025-08-11T10:54:32Z,s4andersson,414.8
2025-08-11T10:54:32Z,rasmus-melin,499.2
2025-08-11T10:54:32Z,viktor6,415.9
2025-08-11T11:25:01Z,aron-cullberg,387.5
2025-08-11T11:25:01Z,s4andersson,414.8
2025-08-11T11:25:01Z,rasmus-melin,499.2
2025-08-11T11:25:01Z,viktor6,415.9
2025-08-11T11:43:50Z,aron-cullberg,387.5
2025-08-11T11:43:50Z,s4andersson,414.8
2025-08-11T11:43:50Z,rasmus-melin,499.2
2025-08-11T11:43:50Z,viktor6,415.9
2025-08-11T11:58:28Z,aron-cullberg,387.5
2025-08-11T11:58:28Z,s4andersson,414.8
2025-08-11T11:58:28Z,rasmus-melin,499.2
2025-08-11T11:58:28Z,viktor6,415.9
2025-08-11T13:02:10Z,aron-cullberg,387.5
2025-08-11T13:02:10Z,s4andersson,414.8
2025-08-11T13:02:10Z,rasmus-melin,499.2
2025-08-11T13:02:10Z,viktor6,415.9
2025-08-11T13:49:53Z,aron-cullberg,387.5
2025-08-11T13:49:53Z,s4andersson,414.8
2025-08-11T13:49:53Z,rasmus-melin,499.2
2025-08-11T13:49:53Z,viktor6,415.9
2025-08-11T14:16:55Z,aron-cullberg,387.5
2025-08-11T14:16:55Z,s4andersson,414.8
2025-08-11T14:16:55Z,rasmus-melin,499.2
2025-08-11T14:16:55Z,viktor6,415.9
2025-08-11T14:44:29Z,aron-cullberg,387.5
2025-08-11T14:44:29Z,s4andersson,414.8
2025-08-11T14:44:29Z,rasmus-melin,499.2
2025-08-11T14:44:29Z,viktor6,415.9
2025-08-11T14:59:24Z,aron-cullberg,387.5
2025-08-11T14:59:24Z,s4andersson,414.8
2025-08-11T14:59:24Z,rasmus-melin,499.2
2025-08-11T14:59:24Z,viktor6,415.9
2025-08-11T15:32:56Z,aron-cullberg,387.5
2025-08-11T15:32:56Z,s4andersson,414.8
2025-08-11T15:32:56Z,rasmus-melin,499.2
2025-08-11T15:32:56Z,viktor6,415.9
2025-08-11T15:53:09Z,aron-cullberg,387.5
2025-08-11T15:53:09Z,s4andersson,414.8
2025-08-11T15:53:09Z,rasmus-melin,499.2
2025-08-11T15:53:09Z,viktor6,415.9
2025-08-11T16:36:15Z,aron-cullberg,387.5
2025-08-11T16:36:15Z,s4andersson,414.8
2025-08-11T16:36:15Z,rasmus-melin,499.2
2025-08-11T16:36:15Z,viktor6,415.9
2025-08-11T16:58:28Z,aron-cullberg,387.5
2025-08-11T16:58:28Z,s4andersson,414.8
2025-08-11T16:58:28Z,rasmus-melin,499.2
2025-08-11T16:58:28Z,viktor6,415.9
2025-08-11T17:30:26Z,aron-cullberg,387.5
2025-08-11T17:30:26Z,s4andersson,414.8
2025-08-11T17:30:26Z,rasmus-melin,499.2
2025-08-11T17:30:26Z,viktor6,415.9
2025-08-11T17:52:16Z,aron-cullberg,387.5
2025-08-11T17:52:16Z,s4andersson,414.8
2025-08-11T17:52:16Z,rasmus-melin,499.2
2025-08-11T17:52:16Z,viktor6,415.9
2025-08-11T18:40:54Z,aron-cullberg,387.5
2025-08-11T18:40:54Z,s4andersson,414.8
2025-08-11T18:40:54Z,rasmus-melin,499.2
2025-08-11T18:40:54Z,viktor6,415.9
2025-08-11T19:08:28Z,aron-cullberg,387.5
2025-08-11T19:08:28Z,s4andersson,414.8
2025-08-11T19:08:28Z,rasmus-melin,499.2
2025-08-11T19:08:28Z,viktor6,415.9
2025-08-11T19:29:47Z,aron-cullberg,387.5
2025-08-11T19:29:47Z,s4andersson,414.8
2025-08-11T19:29:47Z,rasmus-melin,499.2
2025-08-11T19:29:47Z,viktor6,415.9
2025-08-11T19:45:09Z,aron-cullberg,387.5
2025-08-11T19:45:09Z,s4andersson,414.8
2025-08-11T19:45:09Z,rasmus-melin,499.2
2025-08-11T19:45:09Z,viktor6,415.9
2025-08-11T19:58:27Z,aron-cullberg,387.5
2025-08-11T19:58:27Z,s4andersson,414.8
2025-08-11T19:58:27Z,rasmus-melin,499.2
2025-08-11T19:58:27Z,viktor6,415.9
2025-08-11T20:29:56Z,aron-cullberg,387.5
2025-08-11T20:29:56Z,s4andersson,414.8
2025-08-11T20:29:56Z,rasmus-melin,499.2
2025-08-11T20:29:56Z,viktor6,415.9
2025-08-11T20:47:32Z,aron-cullberg,387.5
2025-08-11T20:47:32Z,s4andersson,414.8
2025-08-11T20:47:32Z,rasmus-melin,499.2
2025-08-11T20:47:32Z,viktor6,415.9
2025-08-11T21:08:35Z,aron-cullberg,387.5
2025-08-11T21:08:35Z,s4andersson,414.8
2025-08-11T21:08:35Z,rasmus-melin,499.2
2025-08-11T21:08:35Z,viktor6,415.9
2025-08-11T21:30:14Z,aron-cullberg,387.5
2025-08-11T21:30:14Z,s4andersson,414.8
2025-08-11T21:30:14Z,rasmus-melin,499.2
2025-08-11T21:30:14Z,viktor6,415.9
2025-08-11T21:48:38Z,aron-cullberg,387.5
2025-08-11T21:48:38Z,s4andersson,414.8
2025-08-11T21:48:38Z,rasmus-melin,499.2
2025-08-11T21:48:38Z,viktor6,415.9
2025-08-11T22:10:46Z,aron-cullberg,387.5
2025-08-11T22:10:46Z,s4andersson,414.8
2025-08-11T22:10:46Z,rasmus-melin,499.2
2025-08-11T22:10:46Z,viktor6,415.9
2025-08-11T22:39:32Z,aron-cullberg,387.5
2025-08-11T22:39:32Z,s4andersson,414.8
2025-08-11T22:39:32Z,rasmus-melin,499.2
2025-08-11T22:39:32Z,viktor6,415.9
2025-08-11T22:52:54Z,aron-cullberg,387.5
2025-08-11T22:52:54Z,s4andersson,414.1
2025-08-11T22:52:54Z,rasmus-melin,499.3
2025-08-11T22:52:54Z,viktor6,415.9
2025-08-11T23:25:07Z,aron-cullberg,387.5
2025-08-11T23:25:07Z,s4andersson,414.1
2025-08-11T23:25:07Z,rasmus-melin,499.3
2025-08-11T23:25:07Z,viktor6,415.9
2025-08-11T23:42:53Z,aron-cullberg,387.5
2025-08-11T23:42:53Z,s4andersson,414.1
2025-08-11T23:42:53Z,rasmus-melin,499.3
2025-08-11T23:42:53Z,viktor6,415.9
2025-08-11T23:58:11Z,aron-cullberg,387.5
2025-08-11T23:58:11Z,s4andersson,414.1
2025-08-11T23:58:11Z,rasmus-melin,499.3
2025-08-11T23:58:11Z,viktor6,415.9
2025-08-12T02:17:18Z,aron-cullberg,386.9
2025-08-12T02:17:18Z,s4andersson,413.5
2025-08-12T02:17:18Z,rasmus-melin,497.0
2025-08-12T02:17:18Z,viktor6,415.3
2025-08-12T03:33:58Z,aron-cullberg,386.9
2025-08-12T03:33:58Z,s4andersson,413.5
2025-08-12T03:33:58Z,rasmus-melin,497.0
2025-08-12T03:33:58Z,viktor6,415.3
2025-08-12T04:04:35Z,aron-cullberg,386.9
2025-08-12T04:04:35Z,s4andersson,413.5
2025-08-12T04:04:35Z,rasmus-melin,497.0
2025-08-12T04:04:35Z,viktor6,415.3
2025-08-12T04:41:39Z,aron-cullberg,386.9
2025-08-12T04:41:39Z,s4andersson,413.5
2025-08-12T04:41:39Z,rasmus-melin,497.0
2025-08-12T04:41:39Z,viktor6,415.3
2025-08-12T05:00:26Z,aron-cullberg,386.9
2025-08-12T05:00:26Z,s4andersson,413.5
2025-08-12T05:00:26Z,rasmus-melin,497.0
2025-08-12T05:00:26Z,viktor6,415.3
2025-08-12T05:33:58Z,aron-cullberg,386.9
2025-08-12T05:33:58Z,s4andersson,413.5
2025-08-12T05:33:58Z,rasmus-melin,497.0
2025-08-12T05:33:58Z,viktor6,415.3
2025-08-12T05:50:51Z,aron-cullberg,386.9
2025-08-12T05:50:51Z,s4andersson,413.5
2025-08-12T05:50:51Z,rasmus-melin,497.0
2025-08-12T05:50:51Z,viktor6,415.3
2025-08-12T06:40:15Z,aron-cullberg,386.9
2025-08-12T06:40:15Z,s4andersson,413.5
2025-08-12T06:40:15Z,rasmus-melin,497.0
2025-08-12T06:40:15Z,viktor6,415.3
2025-08-12T07:01:27Z,aron-cullberg,386.9
2025-08-12T07:01:27Z,s4andersson,413.5
2025-08-12T07:01:27Z,rasmus-melin,497.0
2025-08-12T07:01:27Z,viktor6,415.3
2025-08-12T07:31:41Z,aron-cullberg,386.9
2025-08-12T07:31:41Z,s4andersson,413.5
2025-08-12T07:31:41Z,rasmus-melin,497.0
2025-08-12T07:31:41Z,viktor6,415.3
2025-08-12T07:49:14Z,aron-cullberg,386.9
2025-08-12T07:49:14Z,s4andersson,413.5
2025-08-12T07:49:14Z,rasmus-melin,497.0
2025-08-12T07:49:14Z,viktor6,415.3
2025-08-12T08:17:36Z,aron-cullberg,386.9
2025-08-12T08:17:36Z,s4andersson,413.5
2025-08-12T08:17:36Z,rasmus-melin,497.0
2025-08-12T08:17:36Z,viktor6,415.3
2025-08-12T08:46:04Z,aron-cullberg,386.9
2025-08-12T08:46:04Z,s4andersson,413.5
2025-08-12T08:46:04Z,rasmus-melin,497.0
2025-08-12T08:46:04Z,viktor6,415.3
2025-08-12T09:10:37Z,aron-cullberg,386.9
2025-08-12T09:10:37Z,s4andersson,413.5
2025-08-12T09:10:37Z,rasmus-melin,497.0
2025-08-12T09:10:37Z,viktor6,415.3
2025-08-12T09:39:47Z,aron-cullberg,386.9
2025-08-12T09:39:47Z,s4andersson,413.5
2025-08-12T09:39:47Z,rasmus-melin,497.0
2025-08-12T09:39:47Z,viktor6,415.3
2025-08-12T09:53:53Z,aron-cullberg,386.9
2025-08-12T09:53:53Z,s4andersson,413.5
2025-08-12T09:53:53Z,rasmus-melin,497.0
2025-08-12T09:53:53Z,viktor6,415.3
2025-08-12T10:29:55Z,aron-cullberg,386.9
2025-08-12T10:29:55Z,s4andersson,413.5
2025-08-12T10:29:55Z,rasmus-melin,497.0
2025-08-12T10:29:55Z,viktor6,415.3
2025-08-12T10:51:02Z,aron-cullberg,386.9
2025-08-12T10:51:02Z,s4andersson,413.5
2025-08-12T10:51:02Z,rasmus-melin,497.0
2025-08-12T10:51:02Z,viktor6,415.3
2025-08-12T11:23:34Z,aron-cullberg,386.9
2025-08-12T11:23:34Z,s4andersson,413.5
2025-08-12T11:23:34Z,rasmus-melin,497.0
2025-08-12T11:23:34Z,viktor6,415.3
2025-08-12T11:42:47Z,aron-cullberg,386.9
2025-08-12T11:42:47Z,s4andersson,413.5
2025-08-12T11:42:47Z,rasmus-melin,497.0
2025-08-12T11:42:47Z,viktor6,415.3
2025-08-12T11:58:18Z,aron-cullberg,386.9
2025-08-12T11:58:18Z,s4andersson,413.5
2025-08-12T11:58:18Z,rasmus-melin,497.0
2025-08-12T11:58:18Z,viktor6,415.3
2025-08-12T12:58:45Z,aron-cullberg,386.9
2025-08-12T12:58:45Z,s4andersson,413.5
2025-08-12T12:58:45Z,rasmus-melin,497.0
2025-08-12T12:58:45Z,viktor6,415.3
2025-08-12T13:41:56Z,aron-cullberg,386.9
2025-08-12T13:41:56Z,s4andersson,413.5
2025-08-12T13:41:56Z,rasmus-melin,497.0
2025-08-12T13:41:56Z,viktor6,415.3
2025-08-12T13:59:19Z,aron-cullberg,386.9
2025-08-12T13:59:19Z,s4andersson,413.5
2025-08-12T13:59:19Z,rasmus-melin,497.0
2025-08-12T13:59:19Z,viktor6,415.3
2025-08-12T14:32:07Z,aron-cullberg,386.9
2025-08-12T14:32:07Z,s4andersson,413.5
2025-08-12T14:32:07Z,rasmus-melin,497.0
2025-08-12T14:32:07Z,viktor6,415.3
2025-08-12T14:53:29Z,aron-cullberg,386.9
2025-08-12T14:53:29Z,s4andersson,413.5
2025-08-12T14:53:29Z,rasmus-melin,497.0
2025-08-12T14:53:29Z,viktor6,415.3
2025-08-12T15:29:45Z,aron-cullberg,386.9
2025-08-12T15:29:45Z,s4andersson,413.5
2025-08-12T15:29:45Z,rasmus-melin,497.0
2025-08-12T15:29:45Z,viktor6,415.3
2025-08-12T15:49:12Z,aron-cullberg,386.9
2025-08-12T15:49:12Z,s4andersson,413.5
2025-08-12T15:49:12Z,rasmus-melin,497.0
2025-08-12T15:49:12Z,viktor6,415.3
2025-08-12T16:16:03Z,aron-cullberg,386.9
2025-08-12T16:16:03Z,s4andersson,413.5
2025-08-12T16:16:03Z,rasmus-melin,497.0
2025-08-12T16:16:03Z,viktor6,415.3
2025-08-12T16:46:25Z,aron-cullberg,386.9
2025-08-12T16:46:25Z,s4andersson,413.5
2025-08-12T16:46:25Z,rasmus-melin,497.0
2025-08-12T16:46:25Z,viktor6,415.3
2025-08-12T17:08:53Z,aron-cullberg,386.9
2025-08-12T17:08:53Z,s4andersson,413.5
2025-08-12T17:08:53Z,rasmus-melin,497.0
2025-08-12T17:08:53Z,viktor6,415.3
2025-08-12T17:34:44Z,aron-cullberg,386.9
2025-08-12T17:34:44Z,s4andersson,413.5
2025-08-12T17:34:44Z,rasmus-melin,497.0
2025-08-12T17:34:44Z,viktor6,415.3
2025-08-12T17:51:58Z,aron-cullberg,386.9
2025-08-12T17:51:58Z,s4andersson,413.5
2025-08-12T17:51:58Z,rasmus-melin,497.0
2025-08-12T17:51:58Z,viktor6,415.3
2025-08-12T18:39:59Z,aron-cullberg,386.9
2025-08-12T18:39:59Z,s4andersson,413.5
2025-08-12T18:39:59Z,rasmus-melin,497.0
2025-08-12T18:39:59Z,viktor6,415.3
2025-08-12T18:59:04Z,aron-cullberg,386.9
2025-08-12T18:59:04Z,s4andersson,413.5
2025-08-12T18:59:04Z,rasmus-melin,497.0
2025-08-12T18:59:04Z,viktor6,415.3
2025-08-12T19:24:23Z,aron-cullberg,386.9
2025-08-12T19:24:23Z,s4andersson,413.5
2025-08-12T19:24:23Z,rasmus-melin,497.0
2025-08-12T19:24:23Z,viktor6,415.3
2025-08-12T19:41:18Z,aron-cullberg,386.9
2025-08-12T19:41:18Z,s4andersson,413.5
2025-08-12T19:41:18Z,rasmus-melin,497.0
2025-08-12T19:41:18Z,viktor6,415.3
2025-08-12T19:58:28Z,aron-cullberg,386.9
2025-08-12T19:58:28Z,s4andersson,413.5
2025-08-12T19:58:28Z,rasmus-melin,497.0
2025-08-12T19:58:28Z,viktor6,415.3
2025-08-12T20:31:57Z,aron-cullberg,386.9
2025-08-12T20:31:57Z,s4andersson,413.5
2025-08-12T20:31:57Z,rasmus-melin,497.0
2025-08-12T20:31:57Z,viktor6,415.3
2025-08-12T20:52:01Z,aron-cullberg,386.9
2025-08-12T20:52:01Z,s4andersson,415.3
2025-08-12T20:52:01Z,rasmus-melin,497.0
2025-08-12T20:52:01Z,viktor6,415.3
2025-08-12T21:25:40Z,aron-cullberg,386.9
2025-08-12T21:25:40Z,s4andersson,415.3
2025-08-12T21:25:40Z,rasmus-melin,497.0
2025-08-12T21:25:40Z,viktor6,415.3
2025-08-12T21:43:54Z,aron-cullberg,386.9
2025-08-12T21:43:54Z,s4andersson,415.3
2025-08-12T21:43:54Z,rasmus-melin,497.0
2025-08-12T21:43:54Z,viktor6,415.3
2025-08-12T21:58:26Z,aron-cullberg,386.9
2025-08-12T21:58:26Z,s4andersson,415.3
2025-08-12T21:58:26Z,rasmus-melin,497.0
2025-08-12T21:58:26Z,viktor6,415.3
2025-08-12T22:28:50Z,aron-cullberg,386.9
2025-08-12T22:28:50Z,s4andersson,415.3
2025-08-12T22:28:50Z,rasmus-melin,497.0
2025-08-12T22:28:50Z,viktor6,415.3
2025-08-12T22:47:17Z,aron-cullberg,387.3
2025-08-12T22:47:17Z,s4andersson,415.7
2025-08-12T22:47:17Z,rasmus-melin,498.4
2025-08-12T22:47:17Z,viktor6,415.7
2025-08-12T23:00:20Z,aron-cullberg,387.3
2025-08-12T23:00:20Z,s4andersson,415.7
2025-08-12T23:00:20Z,rasmus-melin,498.4
2025-08-12T23:00:20Z,viktor6,415.7
2025-08-12T23:29:37Z,aron-cullberg,387.3
2025-08-12T23:29:37Z,s4andersson,415.7
2025-08-12T23:29:37Z,rasmus-melin,498.4
2025-08-12T23:29:37Z,viktor6,415.7
2025-08-12T23:45:43Z,aron-cullberg,387.3
2025-08-12T23:45:43Z,s4andersson,415.7
2025-08-12T23:45:43Z,rasmus-melin,498.4
2025-08-12T23:45:43Z,viktor6,415.7
2025-08-12T23:59:00Z,aron-cullberg,387.3
2025-08-12T23:59:00Z,s4andersson,415.7
2025-08-12T23:59:00Z,rasmus-melin,498.4
2025-08-12T23:59:00Z,viktor6,415.7
2025-08-13T02:19:29Z,aron-cullberg,387.2
2025-08-13T02:19:29Z,s4andersson,415.6
2025-08-13T02:19:29Z,rasmus-melin,498.3
2025-08-13T02:19:29Z,viktor6,415.5
2025-08-13T03:36:48Z,aron-cullberg,387.2
2025-08-13T03:36:48Z,s4andersson,415.6
2025-08-13T03:36:48Z,rasmus-melin,498.3
2025-08-13T03:36:48Z,viktor6,415.5
2025-08-13T04:16:36Z,aron-cullberg,387.2
2025-08-13T04:16:36Z,s4andersson,415.6
2025-08-13T04:16:36Z,rasmus-melin,498.3
2025-08-13T04:16:36Z,viktor6,415.5
2025-08-13T04:47:48Z,aron-cullberg,387.2
2025-08-13T04:47:48Z,s4andersson,415.6
2025-08-13T04:47:48Z,rasmus-melin,498.3
2025-08-13T04:47:48Z,viktor6,415.5
2025-08-13T05:12:02Z,aron-cullberg,387.2
2025-08-13T05:12:02Z,s4andersson,415.6
2025-08-13T05:12:02Z,rasmus-melin,498.3
2025-08-13T05:12:02Z,viktor6,415.5
2025-08-13T05:41:11Z,aron-cullberg,387.2
2025-08-13T05:41:11Z,s4andersson,415.6
2025-08-13T05:41:11Z,rasmus-melin,498.3
2025-08-13T05:41:11Z,viktor6,415.5
2025-08-13T05:58:14Z,aron-cullberg,387.2
2025-08-13T05:58:14Z,s4andersson,415.6
2025-08-13T05:58:14Z,rasmus-melin,498.3
2025-08-13T05:58:14Z,viktor6,415.5
2025-08-13T06:43:09Z,aron-cullberg,387.2
2025-08-13T06:43:09Z,s4andersson,415.6
2025-08-13T06:43:09Z,rasmus-melin,498.3
2025-08-13T06:43:09Z,viktor6,415.5
2025-08-13T07:01:24Z,aron-cullberg,387.2
2025-08-13T07:01:24Z,s4andersson,415.6
2025-08-13T07:01:24Z,rasmus-melin,498.3
2025-08-13T07:01:24Z,viktor6,415.5
2025-08-13T07:32:04Z,aron-cullberg,387.2
2025-08-13T07:32:04Z,s4andersson,415.6
2025-08-13T07:32:04Z,rasmus-melin,498.3
2025-08-13T07:32:04Z,viktor6,415.5
2025-08-13T07:50:26Z,aron-cullberg,387.2
2025-08-13T07:50:26Z,s4andersson,415.6
2025-08-13T07:50:26Z,rasmus-melin,498.3
2025-08-13T07:50:26Z,viktor6,415.5
2025-08-13T08:36:42Z,aron-cullberg,387.2
2025-08-13T08:36:42Z,s4andersson,415.6
2025-08-13T08:36:42Z,rasmus-melin,498.3
2025-08-13T08:36:42Z,viktor6,415.5
2025-08-13T08:58:19Z,aron-cullberg,387.2
2025-08-13T08:58:19Z,s4andersson,415.6
2025-08-13T08:58:19Z,rasmus-melin,498.3
2025-08-13T08:58:19Z,viktor6,415.5
2025-08-13T09:32:39Z,aron-cullberg,387.2
2025-08-13T09:32:39Z,s4andersson,415.6
2025-08-13T09:32:39Z,rasmus-melin,498.3
2025-08-13T09:32:39Z,viktor6,415.5
2025-08-13T09:51:52Z,aron-cullberg,387.2
2025-08-13T09:51:52Z,s4andersson,417.7
2025-08-13T09:51:52Z,rasmus-melin,498.3
2025-08-13T09:51:52Z,viktor6,415.5
2025-08-13T10:30:06Z,aron-cullberg,387.2
2025-08-13T10:30:06Z,s4andersson,417.7
2025-08-13T10:30:06Z,rasmus-melin,498.3
2025-08-13T10:30:06Z,viktor6,415.5
2025-08-13T10:50:42Z,aron-cullberg,387.2
2025-08-13T10:50:42Z,s4andersson,417.7
2025-08-13T10:50:42Z,rasmus-melin,498.3
2025-08-13T10:50:42Z,viktor6,415.5
2025-08-13T11:24:13Z,aron-cullberg,387.2
2025-08-13T11:24:13Z,s4andersson,417.7
2025-08-13T11:24:13Z,rasmus-melin,498.3
2025-08-13T11:24:13Z,viktor6,415.5
2025-08-13T11:43:18Z,aron-cullberg,387.2
2025-08-13T11:43:18Z,s4andersson,417.7
2025-08-13T11:43:18Z,rasmus-melin,498.3
2025-08-13T11:43:18Z,viktor6,415.5
2025-08-13T11:58:20Z,aron-cullberg,387.2
2025-08-13T11:58:20Z,s4andersson,417.7
2025-08-13T11:58:20Z,rasmus-melin,498.3
2025-08-13T11:58:20Z,viktor6,415.5
2025-08-13T12:59:55Z,aron-cullberg,387.2
2025-08-13T12:59:55Z,s4andersson,417.7
2025-08-13T12:59:55Z,rasmus-melin,498.3
2025-08-13T12:59:55Z,viktor6,415.5
2025-08-13T13:44:41Z,aron-cullberg,387.2
2025-08-13T13:44:41Z,s4andersson,417.7
2025-08-13T13:44:41Z,rasmus-melin,498.3
2025-08-13T13:44:41Z,viktor6,415.5
2025-08-13T14:00:12Z,aron-cullberg,387.2
2025-08-13T14:00:12Z,s4andersson,417.7
2025-08-13T14:00:12Z,rasmus-melin,498.3
2025-08-13T14:00:12Z,viktor6,415.5
2025-08-13T14:36:01Z,aron-cullberg,387.2
2025-08-13T14:36:01Z,s4andersson,417.7
2025-08-13T14:36:01Z,rasmus-melin,498.3
2025-08-13T14:36:01Z,viktor6,415.5
2025-08-13T14:54:12Z,aron-cullberg,387.2
2025-08-13T14:54:12Z,s4andersson,417.7
2025-08-13T14:54:12Z,rasmus-melin,498.3
2025-08-13T14:54:12Z,viktor6,415.5
2025-08-13T15:25:50Z,aron-cullberg,387.2
2025-08-13T15:25:50Z,s4andersson,417.7
2025-08-13T15:25:50Z,rasmus-melin,498.3
2025-08-13T15:25:50Z,viktor6,415.5
2025-08-13T15:41:34Z,aron-cullberg,387.2
2025-08-13T15:41:34Z,s4andersson,417.7
2025-08-13T15:41:34Z,rasmus-melin,498.3
2025-08-13T15:41:34Z,viktor6,415.5
2025-08-13T15:58:25Z,aron-cullberg,387.2
2025-08-13T15:58:25Z,s4andersson,417.7
2025-08-13T15:58:25Z,rasmus-melin,498.3
2025-08-13T15:58:25Z,viktor6,415.5
